mpg,cylinders,displacement,horsepower,weight,acceleration,year,origin,name,horsepower_log,power_to_weight,displacement_per_cyl,acceleration_per_weight
18.0,8,307.0,130,3504,12.0,70,1,chevrolet chevelle malibu,4.867534450455582,0.037100456621004564,38.375,0.003424657534246575
15.0,8,350.0,165,3693,11.5,70,1,buick skylark 320,5.10594547390058,0.04467912266450041,43.75,0.003113999458434877
18.0,8,318.0,150,3436,11.0,70,1,plymouth satellite,5.0106352940962555,0.043655413271245634,39.75,0.0032013969732246797
16.0,8,304.0,150,3433,12.0,70,1,amc rebel sst,5.0106352940962555,0.043693562481794346,38.0,0.003495484998543548
17.0,8,302.0,140,3449,10.5,70,1,ford torino,4.941642422609304,0.04059147579008408,37.75,0.003044360684256306
15.0,8,429.0,198,4341,10.0,70,1,ford galaxie 500,5.288267030694535,0.04561161022805805,53.625,0.00230361667818475
15.0,8,383.0,170,3563,10.0,70,1,dodge challenger se,5.135798437050262,0.04771260174010665,47.875,0.0028066236317709796
15.0,8,400.0,150,3761,9.5,70,1,chevrolet monte carlo,5.0106352940962555,0.03988300983780909,50.0,0.0025259239563945757
24.0,4,113.0,95,2372,15.0,70,3,toyota corona mark ii,4.553876891600541,0.04005059021922428,28.25,0.006323777403035413
22.0,6,198.0,95,2833,15.5,70,1,plymouth duster,4.553876891600541,0.03353335686551359,33.0,0.005471231909636428
18.0,6,199.0,97,2774,15.5,70,1,amc hornet,4.574710978503383,0.034967555875991346,33.166666666666664,0.0055875991348233595
21.0,6,200.0,85,2587,16.0,70,1,ford maverick,4.442651256490317,0.032856590645535366,33.333333333333336,0.006184770003865481
27.0,4,97.0,88,2130,14.5,70,3,datsun pl510,4.477336814478207,0.04131455399061033,24.25,0.006807511737089202
26.0,4,97.0,46,1835,20.5,70,2,volkswagen 1131 deluxe sedan,3.828641396489095,0.025068119891008173,24.25,0.0111716621253406
25.0,4,110.0,87,2672,17.5,70,2,peugeot 504,4.465908118654584,0.03255988023952096,27.5,0.00654940119760479
24.0,4,107.0,90,2430,14.5,70,2,audi 100 ls,4.499809670330265,0.037037037037037035,26.75,0.005967078189300412
25.0,4,104.0,95,2375,17.5,70,2,saab 99e,4.553876891600541,0.04,26.0,0.007368421052631579
26.0,4,121.0,113,2234,12.5,70,2,bmw 2002,4.727387818712341,0.050581915846016116,30.25,0.005595344673231871
21.0,6,199.0,90,2648,15.0,70,1,amc gremlin,4.499809670330265,0.033987915407854986,33.166666666666664,0.0056646525679758305
10.0,8,307.0,200,4376,15.0,70,1,chevy c20,5.298317366548036,0.04570383912248629,38.375,0.0034277879341864715
11.0,8,318.0,210,4382,13.5,70,1,dodge d200,5.3471075307174685,0.04792332268370607,39.75,0.003080785029666819
9.0,8,304.0,193,4732,18.5,70,1,hi 1200d,5.262690188904886,0.04078613693998309,38.0,0.003909551986475064
27.0,4,97.0,88,2130,14.5,71,3,datsun pl510,4.477336814478207,0.04131455399061033,24.25,0.006807511737089202
28.0,4,140.0,90,2264,15.5,71,1,chevrolet vega 2300,4.499809670330265,0.03975265017667844,35.0,0.006846289752650177
25.0,4,113.0,95,2228,14.0,71,3,toyota corona,4.553876891600541,0.042639138240574505,28.25,0.0062836624775583485
19.0,6,232.0,100,2634,13.0,71,1,amc gremlin,4.605170185988092,0.037965072133637055,38.666666666666664,0.004935459377372817
16.0,6,225.0,105,3439,15.5,71,1,plymouth satellite custom,4.653960350157523,0.030532131433556268,37.5,0.004507124164001163
17.0,6,250.0,100,3329,15.5,71,1,chevrolet chevelle malibu,4.605170185988092,0.030039050765995796,41.666666666666664,0.004656052868729348
19.0,6,250.0,88,3302,15.5,71,1,ford torino 500,4.477336814478207,0.026650514839491216,41.666666666666664,0.00469412477286493
18.0,6,232.0,100,3288,15.5,71,1,amc matador,4.605170185988092,0.030413625304136254,38.666666666666664,0.0047141119221411195
14.0,8,350.0,165,4209,12.0,71,1,chevrolet impala,5.10594547390058,0.039201710620099785,43.75,0.002851033499643621
14.0,8,400.0,175,4464,11.5,71,1,pontiac catalina brougham,5.1647859739235145,0.03920250896057348,50.0,0.0025761648745519714
14.0,8,351.0,153,4154,13.5,71,1,ford galaxie 500,5.030437921392435,0.03683196918632643,43.875,0.0032498796340876264
14.0,8,318.0,150,4096,13.0,71,1,plymouth fury iii,5.0106352940962555,0.03662109375,39.75,0.003173828125
12.0,8,383.0,180,4955,11.5,71,1,dodge monaco (sw),5.19295685089021,0.03632694248234107,47.875,0.002320887991927346
13.0,8,400.0,170,4746,12.0,71,1,ford country squire (sw),5.135798437050262,0.03581963758954909,50.0,0.0025284450063211127
13.0,8,400.0,175,5140,12.0,71,1,pontiac safari (sw),5.1647859739235145,0.03404669260700389,50.0,0.0023346303501945525
18.0,6,258.0,110,2962,13.5,71,1,amc hornet sportabout (sw),4.700480365792417,0.03713706954760297,43.0,0.004557731262660365
22.0,4,140.0,72,2408,19.0,71,1,chevrolet vega (sw),4.276666119016055,0.029900332225913623,35.0,0.007890365448504983
19.0,6,250.0,100,3282,15.0,71,1,pontiac firebird,4.605170185988092,0.030469226081657527,41.666666666666664,0.004570383912248629
18.0,6,250.0,88,3139,14.5,71,1,ford mustang,4.477336814478207,0.028034405861739407,41.666666666666664,0.004619305511309334
23.0,4,122.0,86,2220,14.0,71,1,mercury capri 2000,4.454347296253507,0.03873873873873874,30.5,0.006306306306306306
28.0,4,116.0,90,2123,14.0,71,2,opel 1900,4.499809670330265,0.04239284032030146,29.0,0.00659444182760245
30.0,4,79.0,70,2074,19.5,71,2,peugeot 304,4.248495242049359,0.033751205400192864,19.75,0.009402121504339441
30.0,4,88.0,76,2065,14.5,71,2,fiat 124b,4.330733340286331,0.036803874092009685,22.0,0.0070217917675544795
31.0,4,71.0,65,1773,19.0,71,3,toyota corolla 1200,4.174387269895637,0.03666102650874224,17.75,0.01071630005640158
35.0,4,72.0,69,1613,18.0,71,3,datsun 1200,4.23410650459726,0.04277743335399876,18.0,0.011159330440173589
27.0,4,97.0,60,1834,19.0,71,2,volkswagen model 111,4.0943445622221,0.03271537622682661,24.25,0.010359869138495093
26.0,4,91.0,70,1955,20.5,71,1,plymouth cricket,4.248495242049359,0.03580562659846547,22.75,0.010485933503836318
24.0,4,113.0,95,2278,15.5,72,3,toyota corona hardtop,4.553876891600541,0.04170324846356453,28.25,0.006804214223002634
25.0,4,97.5,80,2126,17.0,72,1,dodge colt hardtop,4.382026634673881,0.03762935089369708,24.375,0.00799623706491063
20.0,4,140.0,90,2408,19.5,72,1,chevrolet vega,4.499809670330265,0.03737541528239203,35.0,0.008098006644518272
21.0,4,122.0,86,2226,16.5,72,1,ford pinto runabout,4.454347296253507,0.03863432165318958,30.5,0.007412398921832884
13.0,8,350.0,165,4274,12.0,72,1,chevrolet impala,5.10594547390058,0.0386055217594759,43.75,0.0028076743097800653
14.0,8,400.0,175,4385,12.0,72,1,pontiac catalina,5.1647859739235145,0.039908779931584946,50.0,0.0027366020524515395
15.0,8,318.0,150,4135,13.5,72,1,plymouth fury iii,5.0106352940962555,0.036275695284159616,39.75,0.0032648125755743653
14.0,8,351.0,153,4129,13.0,72,1,ford galaxie 500,5.030437921392435,0.03705497699200775,43.875,0.0031484620973601355
17.0,8,304.0,150,3672,11.5,72,1,amc ambassador sst,5.0106352940962555,0.04084967320261438,38.0,0.0031318082788671024
11.0,8,429.0,208,4633,11.0,72,1,mercury marquis,5.337538079701318,0.044895316209799266,53.625,0.0023742715303259228
13.0,8,350.0,155,4502,13.5,72,1,buick lesabre custom,5.043425116919247,0.03442914260328743,43.75,0.0029986672589960017
12.0,8,350.0,160,4456,13.5,72,1,oldsmobile delta 88 royale,5.075173815233827,0.03590664272890485,43.75,0.0030296229802513463
13.0,8,400.0,190,4422,12.5,72,1,chrysler newport royal,5.247024072160486,0.04296698326549073,50.0,0.0028267752148349165
15.0,8,304.0,150,3892,12.5,72,1,amc matador (sw),5.0106352940962555,0.03854059609455293,38.0,0.003211716341212744
13.0,8,307.0,130,4098,14.0,72,1,chevrolet chevelle concours (sw),4.867534450455582,0.0317227916056613,38.375,0.003416300634455832
13.0,8,302.0,140,4294,16.0,72,1,ford gran torino (sw),4.941642422609304,0.032603632976245925,37.75,0.0037261294829995344
14.0,8,318.0,150,4077,14.0,72,1,plymouth satellite custom (sw),5.0106352940962555,0.03679175864606328,39.75,0.003433897473632573
18.0,4,121.0,112,2933,14.5,72,2,volvo 145e (sw),4.718498871295094,0.03818615751789976,30.25,0.004943743607228094
22.0,4,121.0,76,2511,18.0,72,2,volkswagen 411 (sw),4.330733340286331,0.030266825965750695,30.25,0.007168458781362007
21.0,4,120.0,87,2979,19.5,72,2,peugeot 504 (sw),4.465908118654584,0.02920443101711984,30.0,0.006545820745216516
26.0,4,96.0,69,2189,18.0,72,2,renault 12 (sw),4.23410650459726,0.031521242576518956,24.0,0.008222932846048425
22.0,4,122.0,86,2395,16.0,72,1,ford pinto (sw),4.454347296253507,0.03590814196242171,30.5,0.006680584551148226
28.0,4,97.0,92,2288,17.0,72,3,datsun 510 (sw),4.5217885770490405,0.04020979020979021,24.25,0.00743006993006993
23.0,4,120.0,97,2506,14.5,72,3,toyouta corona mark ii (sw),4.574710978503383,0.038707102952913006,30.0,0.00578611332801277
28.0,4,98.0,80,2164,15.0,72,1,dodge colt (sw),4.382026634673881,0.036968576709796676,24.5,0.006931608133086876
27.0,4,97.0,88,2100,16.5,72,3,toyota corolla 1600 (sw),4.477336814478207,0.0419047619047619,24.25,0.007857142857142858
13.0,8,350.0,175,4100,13.0,73,1,buick century 350,5.1647859739235145,0.042682926829268296,43.75,0.0031707317073170734
14.0,8,304.0,150,3672,11.5,73,1,amc matador,5.0106352940962555,0.04084967320261438,38.0,0.0031318082788671024
13.0,8,350.0,145,3988,13.0,73,1,chevrolet malibu,4.976733742420574,0.03635907723169508,43.75,0.003259779338014042
14.0,8,302.0,137,4042,14.5,73,1,ford gran torino,4.919980925828125,0.0338941118258288,37.75,0.003587333003463632
15.0,8,318.0,150,3777,12.5,73,1,dodge coronet custom,5.0106352940962555,0.03971405877680699,39.75,0.003309504898067249
12.0,8,429.0,198,4952,11.5,73,1,mercury marquis brougham,5.288267030694535,0.03998384491114701,53.625,0.0023222940226171242
13.0,8,400.0,150,4464,12.0,73,1,chevrolet caprice classic,5.0106352940962555,0.033602150537634407,50.0,0.002688172043010753
13.0,8,351.0,158,4363,13.0,73,1,ford ltd,5.062595033026967,0.03621361448544579,43.875,0.002979601191840477
14.0,8,318.0,150,4237,14.5,73,1,plymouth fury gran sedan,5.0106352940962555,0.03540240736370073,39.75,0.003422232711824404
13.0,8,360.0,175,3821,11.0,73,1,amc ambassador brougham,5.1647859739235145,0.04579952891913112,45.0,0.0028788275320596702
18.0,6,225.0,105,3121,16.5,73,1,plymouth valiant,4.653960350157523,0.03364306312079462,37.5,0.005286767061839154
16.0,6,250.0,100,3278,18.0,73,1,chevrolet nova custom,4.605170185988092,0.03050640634533252,41.666666666666664,0.005491153142159854
18.0,6,232.0,100,2945,16.0,73,1,amc hornet,4.605170185988092,0.03395585738539898,38.666666666666664,0.005432937181663837
18.0,6,250.0,88,3021,16.5,73,1,ford maverick,4.477336814478207,0.029129427341939754,41.666666666666664,0.005461767626613704
23.0,6,198.0,95,2904,16.0,73,1,plymouth duster,4.553876891600541,0.03271349862258953,33.0,0.005509641873278237
26.0,4,97.0,46,1950,21.0,73,2,volkswagen super beetle,3.828641396489095,0.02358974358974359,24.25,0.010769230769230769
11.0,8,400.0,150,4997,14.0,73,1,chevrolet impala,5.0106352940962555,0.03001801080648389,50.0,0.002801681008605163
12.0,8,400.0,167,4906,12.5,73,1,ford country,5.117993812416755,0.03403995108030983,50.0,0.0025479005299633103
13.0,8,360.0,170,4654,13.0,73,1,plymouth custom suburb,5.135798437050262,0.0365277180919639,45.0,0.002793296089385475
12.0,8,350.0,180,4499,12.5,73,1,oldsmobile vista cruiser,5.19295685089021,0.04000889086463658,43.75,0.002778395198933096
18.0,6,232.0,100,2789,15.0,73,1,amc gremlin,4.605170185988092,0.035855145213338116,38.666666666666664,0.005378271782000717
20.0,4,97.0,88,2279,19.0,73,3,toyota carina,4.477336814478207,0.03861342694164107,24.25,0.008336989907854322
21.0,4,140.0,72,2401,19.5,73,1,chevrolet vega,4.276666119016055,0.029987505206164097,35.0,0.00812161599333611
22.0,4,108.0,94,2379,16.5,73,3,datsun 610,4.543294782270004,0.039512400168137875,27.0,0.0069356872635561164
19.0,4,122.0,85,2310,18.5,73,1,ford pinto,4.442651256490317,0.0367965367965368,30.5,0.008008658008658008
21.0,6,155.0,107,2472,14.0,73,1,mercury capri v6,4.672828834461906,0.043284789644012944,25.833333333333332,0.0056634304207119745
26.0,4,98.0,90,2265,15.5,73,2,fiat 124 sport coupe,4.499809670330265,0.039735099337748346,24.5,0.006843267108167771
15.0,8,350.0,145,4082,13.0,73,1,chevrolet monte carlo s,4.976733742420574,0.035521803037726604,43.75,0.0031847133757961785
29.0,4,68.0,49,1867,19.5,73,2,fiat 128,3.8918202981106265,0.026245313336904125,17.0,0.010444563470808785
24.0,4,116.0,75,2158,15.5,73,2,opel manta,4.31748811353631,0.03475440222428174,29.0,0.007182576459684893
20.0,4,114.0,91,2582,14.0,73,2,audi 100ls,4.51085950651685,0.03524399690162665,28.5,0.005422153369481022
19.0,4,121.0,112,2868,15.5,73,2,volvo 144ea,4.718498871295094,0.03905160390516039,30.25,0.005404463040446304
15.0,8,318.0,150,3399,11.0,73,1,dodge dart custom,5.0106352940962555,0.0441306266548985,39.75,0.003236245954692557
24.0,4,121.0,110,2660,14.0,73,2,saab 99le,4.700480365792417,0.041353383458646614,30.25,0.005263157894736842
20.0,6,156.0,122,2807,13.5,73,3,toyota mark ii,4.804021044733257,0.04346277164232276,26.0,0.004809405058781618
11.0,8,350.0,180,3664,11.0,73,1,oldsmobile omega,5.19295685089021,0.04912663755458515,43.75,0.003002183406113537
20.0,6,198.0,95,3102,16.5,74,1,plymouth duster,4.553876891600541,0.030625402965828497,33.0,0.005319148936170213
19.0,6,232.0,100,2901,16.0,74,1,amc hornet,4.605170185988092,0.03447087211306446,38.666666666666664,0.005515339538090314
15.0,6,250.0,100,3336,17.0,74,1,chevrolet nova,4.605170185988092,0.02997601918465228,41.666666666666664,0.005095923261390888
31.0,4,79.0,67,1950,19.0,74,3,datsun b210,4.204692619390966,0.03435897435897436,19.75,0.009743589743589744
26.0,4,122.0,80,2451,16.5,74,1,ford pinto,4.382026634673881,0.032639738882088945,30.5,0.006731946144430845
32.0,4,71.0,65,1836,21.0,74,3,toyota corolla 1200,4.174387269895637,0.03540305010893246,17.75,0.011437908496732025
25.0,4,140.0,75,2542,17.0,74,1,chevrolet vega,4.31748811353631,0.029504327301337528,35.0,0.006687647521636507
16.0,6,250.0,100,3781,17.0,74,1,chevrolet chevelle malibu classic,4.605170185988092,0.026448029621793177,41.666666666666664,0.00449616503570484
16.0,6,258.0,110,3632,18.0,74,1,amc matador,4.700480365792417,0.0302863436123348,43.0,0.004955947136563877
18.0,6,225.0,105,3613,16.5,74,1,plymouth satellite sebring,4.653960350157523,0.029061721561029614,37.5,0.004566841959590368
16.0,8,302.0,140,4141,14.0,74,1,ford gran torino,4.941642422609304,0.03380825887466796,37.75,0.0033808258874667954
13.0,8,350.0,150,4699,14.5,74,1,buick century luxus (sw),5.0106352940962555,0.03192168546499255,43.75,0.0030857629282826132
14.0,8,318.0,150,4457,13.5,74,1,dodge coronet custom (sw),5.0106352940962555,0.03365492483733453,39.75,0.003028943235360108
14.0,8,302.0,140,4638,16.0,74,1,ford gran torino (sw),4.941642422609304,0.030185424752048298,37.75,0.0034497628288055198
14.0,8,304.0,150,4257,15.5,74,1,amc matador (sw),5.0106352940962555,0.035236081747709654,38.0,0.0036410617805966643
29.0,4,98.0,83,2219,16.5,74,2,audi fox,4.418840607796598,0.03740423614240649,24.5,0.007435781883731411
26.0,4,79.0,67,1963,15.5,74,2,volkswagen dasher,4.204692619390966,0.03413143148242486,19.75,0.007896077432501274
26.0,4,97.0,78,2300,14.5,74,2,opel manta,4.356708826689592,0.03391304347826087,24.25,0.006304347826086957
31.0,4,76.0,52,1649,16.5,74,3,toyota corona,3.951243718581427,0.031534263189812006,19.0,0.010006064281382655
32.0,4,83.0,61,2003,19.0,74,3,datsun 710,4.110873864173311,0.030454318522216674,20.75,0.009485771342985522
28.0,4,90.0,75,2125,14.5,74,1,dodge colt,4.31748811353631,0.03529411764705882,22.5,0.006823529411764706
24.0,4,90.0,75,2108,15.5,74,2,fiat 128,4.31748811353631,0.03557874762808349,22.5,0.007352941176470588
26.0,4,116.0,75,2246,14.0,74,2,fiat 124 tc,4.31748811353631,0.033392698130008905,29.0,0.006233303650934996
24.0,4,120.0,97,2489,15.0,74,3,honda civic,4.574710978503383,0.038971474487746086,30.0,0.006026516673362796
26.0,4,108.0,93,2391,15.5,74,3,subaru,4.532599493153256,0.03889585947302384,27.0,0.006482643245503974
31.0,4,79.0,67,2000,16.0,74,2,fiat x1.9,4.204692619390966,0.0335,19.75,0.008
19.0,6,225.0,95,3264,16.0,75,1,plymouth valiant custom,4.553876891600541,0.029105392156862746,37.5,0.004901960784313725
18.0,6,250.0,105,3459,16.0,75,1,chevrolet nova,4.653960350157523,0.030355594102341718,41.666666666666664,0.004625614339404453
15.0,6,250.0,72,3432,21.0,75,1,mercury monarch,4.276666119016055,0.02097902097902098,41.666666666666664,0.006118881118881119
15.0,6,250.0,72,3158,19.5,75,1,ford maverick,4.276666119016055,0.022799240025332488,41.666666666666664,0.006174794173527549
16.0,8,400.0,170,4668,11.5,75,1,pontiac catalina,5.135798437050262,0.03641816623821765,50.0,0.0024635818337617825
15.0,8,350.0,145,4440,14.0,75,1,chevrolet bel air,4.976733742420574,0.03265765765765766,43.75,0.003153153153153153
16.0,8,318.0,150,4498,14.5,75,1,plymouth grand fury,5.0106352940962555,0.03334815473543797,39.75,0.003223654957759004
14.0,8,351.0,148,4657,13.5,75,1,ford ltd,4.997212273764115,0.031780115954477134,43.875,0.0028988619282800084
17.0,6,231.0,110,3907,21.0,75,1,buick century,4.700480365792417,0.028154594317890965,38.5,0.0053749680061428206
16.0,6,250.0,105,3897,18.5,75,1,chevroelt chevelle malibu,4.653960350157523,0.026943802925327175,41.666666666666664,0.004747241467795741
15.0,6,258.0,110,3730,19.0,75,1,amc matador,4.700480365792417,0.029490616621983913,43.0,0.005093833780160858
18.0,6,225.0,95,3785,19.0,75,1,plymouth fury,4.553876891600541,0.02509907529722589,37.5,0.005019815059445178
21.0,6,231.0,110,3039,15.0,75,1,buick skyhawk,4.700480365792417,0.0361961171437973,38.5,0.004935834155972359
20.0,8,262.0,110,3221,13.5,75,1,chevrolet monza 2+2,4.700480365792417,0.034150884818379384,32.75,0.0041912449549829246
13.0,8,302.0,129,3169,12.0,75,1,ford mustang ii,4.859812404361672,0.04070684758598927,37.75,0.003786683496371095
29.0,4,97.0,75,2171,16.0,75,3,toyota corolla,4.31748811353631,0.03454629203132197,24.25,0.007369875633348687
23.0,4,140.0,83,2639,17.0,75,1,ford pinto,4.418840607796598,0.03145130731337628,35.0,0.006441834028040924
20.0,6,232.0,100,2914,16.0,75,1,amc gremlin,4.605170185988092,0.03431708991077557,38.666666666666664,0.00549073438572409
23.0,4,140.0,78,2592,18.5,75,1,pontiac astro,4.356708826689592,0.03009259259259259,35.0,0.007137345679012345
24.0,4,134.0,96,2702,13.5,75,3,toyota corona,4.564348191467836,0.03552923760177646,33.5,0.004996299037749815
25.0,4,90.0,71,2223,16.5,75,2,volkswagen dasher,4.2626798770413155,0.031938821412505626,22.5,0.007422402159244264
24.0,4,119.0,97,2545,17.0,75,3,datsun 710,4.574710978503383,0.0381139489194499,29.75,0.0066797642436149315
18.0,6,171.0,97,2984,14.5,75,1,ford pinto,4.574710978503383,0.032506702412868634,28.5,0.004859249329758713
29.0,4,90.0,70,1937,14.0,75,2,volkswagen rabbit,4.248495242049359,0.036138358286009295,22.5,0.007227671657201859
19.0,6,232.0,90,3211,17.0,75,1,amc pacer,4.499809670330265,0.02802865151043289,38.666666666666664,0.005294300840859545
23.0,4,115.0,95,2694,15.0,75,2,audi 100ls,4.553876891600541,0.03526354862657758,28.75,0.005567928730512249
23.0,4,120.0,88,2957,17.0,75,2,peugeot 504,4.477336814478207,0.029759891782211702,30.0,0.0057490700033818055
22.0,4,121.0,98,2945,14.5,75,2,volvo 244dl,4.584967478670572,0.033276740237691005,30.25,0.004923599320882852
25.0,4,121.0,115,2671,13.5,75,2,saab 99le,4.74493212836325,0.0430550355672033,30.25,0.005054286783976039
33.0,4,91.0,53,1795,17.5,75,3,honda civic cvcc,3.970291913552122,0.029526462395543174,22.75,0.009749303621169917
28.0,4,107.0,86,2464,15.5,76,2,fiat 131,4.454347296253507,0.0349025974025974,26.75,0.006290584415584416
25.0,4,116.0,81,2220,16.9,76,2,opel 1900,4.394449154672439,0.03648648648648649,29.0,0.007612612612612612
25.0,4,140.0,92,2572,14.9,76,1,capri ii,4.5217885770490405,0.03576982892690513,35.0,0.005793157076205288
26.0,4,98.0,79,2255,17.7,76,1,dodge colt,4.3694478524670215,0.03503325942350333,24.5,0.007849223946784922
27.0,4,101.0,83,2202,15.3,76,2,renault 12tl,4.418840607796598,0.037693006357856496,25.25,0.006948228882833788
17.5,8,305.0,140,4215,13.0,76,1,chevrolet chevelle malibu classic,4.941642422609304,0.033214709371293,38.125,0.0030842230130486356
16.0,8,318.0,150,4190,13.0,76,1,dodge coronet brougham,5.0106352940962555,0.03579952267303103,39.75,0.0031026252983293555
15.5,8,304.0,120,3962,13.9,76,1,amc matador,4.787491742782046,0.03028773346794548,38.0,0.003508329126703685
14.5,8,351.0,152,4215,12.8,76,1,ford gran torino,5.0238805208462765,0.03606168446026097,43.875,0.0030367734282325033
22.0,6,225.0,100,3233,15.4,76,1,plymouth valiant,4.605170185988092,0.03093102381688834,37.5,0.004763377667800804
22.0,6,250.0,105,3353,14.5,76,1,chevrolet nova,4.653960350157523,0.031315240083507306,41.666666666666664,0.004324485535341485
24.0,6,200.0,81,3012,17.6,76,1,ford maverick,4.394449154672439,0.026892430278884463,33.333333333333336,0.0058432934926958835
22.5,6,232.0,90,3085,17.6,76,1,amc hornet,4.499809670330265,0.029173419773095625,38.666666666666664,0.005705024311183145
29.0,4,90.0,70,1937,14.2,76,2,vw rabbit,4.248495242049359,0.036138358286009295,22.5,0.007330924109447599
33.0,4,91.0,53,1795,17.4,76,3,honda civic,3.970291913552122,0.029526462395543174,22.75,0.00969359331476323
20.0,6,225.0,100,3651,17.7,76,1,dodge aspen se,4.605170185988092,0.027389756231169543,37.5,0.004847986852917009
18.0,6,250.0,78,3574,21.0,76,1,ford granada ghia,4.356708826689592,0.02182428651371013,41.666666666666664,0.0058757694459988805
18.5,6,250.0,110,3645,16.2,76,1,pontiac ventura sj,4.700480365792417,0.03017832647462277,41.666666666666664,0.0044444444444444444
17.5,6,258.0,95,3193,17.8,76,1,amc pacer d/l,4.553876891600541,0.029752583777012214,43.0,0.00557469464453492
29.5,4,97.0,71,1825,12.2,76,2,volkswagen rabbit,4.2626798770413155,0.03890410958904109,24.25,0.006684931506849315
32.0,4,85.0,70,1990,17.0,76,3,datsun b-210,4.248495242049359,0.035175879396984924,21.25,0.008542713567839196
28.0,4,97.0,75,2155,16.4,76,3,toyota corolla,4.31748811353631,0.03480278422273782,24.25,0.0076102088167053356
26.5,4,140.0,72,2565,13.6,76,1,ford pinto,4.276666119016055,0.028070175438596492,35.0,0.00530214424951267
20.0,4,130.0,102,3150,15.7,76,2,volvo 245,4.624972813284271,0.03238095238095238,32.5,0.004984126984126984
13.0,8,318.0,150,3940,13.2,76,1,plymouth volare premier v8,5.0106352940962555,0.03807106598984772,39.75,0.0033502538071065987
19.0,4,120.0,88,3270,21.9,76,2,peugeot 504,4.477336814478207,0.02691131498470948,30.0,0.006697247706422018
19.0,6,156.0,108,2930,15.5,76,3,toyota mark ii,4.68213122712422,0.03686006825938567,26.0,0.005290102389078498
16.5,6,168.0,120,3820,16.7,76,2,mercedes-benz 280s,4.787491742782046,0.031413612565445025,28.0,0.004371727748691099
16.5,8,350.0,180,4380,12.1,76,1,cadillac seville,5.19295685089021,0.0410958904109589,43.75,0.0027625570776255706
13.0,8,350.0,145,4055,12.0,76,1,chevy c10,4.976733742420574,0.035758323057953144,43.75,0.002959309494451295
13.0,8,302.0,130,3870,15.0,76,1,ford f108,4.867534450455582,0.03359173126614987,37.75,0.003875968992248062
13.0,8,318.0,150,3755,14.0,76,1,dodge d100,5.0106352940962555,0.03994673768308921,39.75,0.0037283621837549932
31.5,4,98.0,68,2045,18.5,77,3,honda accord cvcc,4.219507705176107,0.033251833740831294,24.5,0.009046454767726161
30.0,4,111.0,80,2155,14.8,77,1,buick opel isuzu deluxe,4.382026634673881,0.037122969837587005,27.75,0.0068677494199535965
36.0,4,79.0,58,1825,18.6,77,2,renault 5 gtl,4.060443010546419,0.03178082191780822,19.75,0.010191780821917809
25.5,4,122.0,96,2300,15.5,77,1,plymouth arrow gs,4.564348191467836,0.04173913043478261,30.5,0.006739130434782609
33.5,4,85.0,70,1945,16.8,77,3,datsun f-10 hatchback,4.248495242049359,0.03598971722365039,21.25,0.008637532133676093
17.5,8,305.0,145,3880,12.5,77,1,chevrolet caprice classic,4.976733742420574,0.037371134020618556,38.125,0.0032216494845360823
17.0,8,260.0,110,4060,19.0,77,1,oldsmobile cutlass supreme,4.700480365792417,0.027093596059113302,32.5,0.004679802955665025
15.5,8,318.0,145,4140,13.7,77,1,dodge monaco brougham,4.976733742420574,0.035024154589371984,39.75,0.0033091787439613525
15.0,8,302.0,130,4295,14.9,77,1,mercury cougar brougham,4.867534450455582,0.030267753201396973,37.75,0.0034691501746216533
17.5,6,250.0,110,3520,16.4,77,1,chevrolet concours,4.700480365792417,0.03125,41.666666666666664,0.004659090909090909
20.5,6,231.0,105,3425,16.9,77,1,buick skylark,4.653960350157523,0.030656934306569343,38.5,0.004934306569343065
19.0,6,225.0,100,3630,17.7,77,1,plymouth volare custom,4.605170185988092,0.027548209366391185,37.5,0.0048760330578512395
18.5,6,250.0,98,3525,19.0,77,1,ford granada,4.584967478670572,0.027801418439716313,41.666666666666664,0.005390070921985815
16.0,8,400.0,180,4220,11.1,77,1,pontiac grand prix lj,5.19295685089021,0.04265402843601896,50.0,0.0026303317535545023
15.5,8,350.0,170,4165,11.4,77,1,chevrolet monte carlo landau,5.135798437050262,0.04081632653061224,43.75,0.002737094837935174
15.5,8,400.0,190,4325,12.2,77,1,chrysler cordoba,5.247024072160486,0.04393063583815029,50.0,0.0028208092485549133
16.0,8,351.0,149,4335,14.5,77,1,ford thunderbird,5.003946305945459,0.03437139561707036,43.875,0.003344867358708189
29.0,4,97.0,78,1940,14.5,77,2,volkswagen rabbit custom,4.356708826689592,0.04020618556701031,24.25,0.007474226804123712
24.5,4,151.0,88,2740,16.0,77,1,pontiac sunbird coupe,4.477336814478207,0.032116788321167884,37.75,0.00583941605839416
26.0,4,97.0,75,2265,18.2,77,3,toyota corolla liftback,4.31748811353631,0.033112582781456956,24.25,0.00803532008830022
25.5,4,140.0,89,2755,15.8,77,1,ford mustang ii 2+2,4.48863636973214,0.032304900181488204,35.0,0.005735027223230491
30.5,4,98.0,63,2051,17.0,77,1,chevrolet chevette,4.143134726391533,0.030716723549488054,24.5,0.008288639687957094
33.5,4,98.0,83,2075,15.9,77,1,dodge colt m/m,4.418840607796598,0.04,24.5,0.007662650602409639
30.0,4,97.0,67,1985,16.4,77,3,subaru dl,4.204692619390966,0.033753148614609575,24.25,0.008261964735516372
30.5,4,97.0,78,2190,14.1,77,2,volkswagen dasher,4.356708826689592,0.03561643835616438,24.25,0.0064383561643835616
22.0,6,146.0,97,2815,14.5,77,3,datsun 810,4.574710978503383,0.034458259325044406,24.333333333333332,0.005150976909413854
21.5,4,121.0,110,2600,12.8,77,2,bmw 320i,4.700480365792417,0.04230769230769231,30.25,0.004923076923076923
43.1,4,90.0,48,1985,21.5,78,2,volkswagen rabbit custom diesel,3.871201010907891,0.024181360201511334,22.5,0.010831234256926952
36.1,4,98.0,66,1800,14.4,78,1,ford fiesta,4.189654742026425,0.03666666666666667,24.5,0.008
32.8,4,78.0,52,1985,19.4,78,3,mazda glc deluxe,3.951243718581427,0.02619647355163728,19.5,0.009773299748110831
39.4,4,85.0,70,2070,18.6,78,3,datsun b210 gx,4.248495242049359,0.033816425120772944,21.25,0.008985507246376812
36.1,4,91.0,60,1800,16.4,78,3,honda civic cvcc,4.0943445622221,0.03333333333333333,22.75,0.00911111111111111
19.9,8,260.0,110,3365,15.5,78,1,oldsmobile cutlass salon brougham,4.700480365792417,0.03268945022288262,32.5,0.004606240713224369
19.4,8,318.0,140,3735,13.2,78,1,dodge diplomat,4.941642422609304,0.03748326639892905,39.75,0.0035341365461847387
20.2,8,302.0,139,3570,12.8,78,1,mercury monarch ghia,4.9344739331306915,0.03893557422969188,37.75,0.003585434173669468
19.2,6,231.0,105,3535,19.2,78,1,pontiac phoenix lj,4.653960350157523,0.0297029702970297,38.5,0.0054314002828854315
20.5,6,200.0,95,3155,18.2,78,1,chevrolet malibu,4.553876891600541,0.030110935023771792,33.333333333333336,0.0057686212361331216
20.2,6,200.0,85,2965,15.8,78,1,ford fairmont (auto),4.442651256490317,0.02866779089376054,33.333333333333336,0.0053288364249578415
25.1,4,140.0,88,2720,15.4,78,1,ford fairmont (man),4.477336814478207,0.03235294117647059,35.0,0.005661764705882353
20.5,6,225.0,100,3430,17.2,78,1,plymouth volare,4.605170185988092,0.029154518950437316,37.5,0.005014577259475218
19.4,6,232.0,90,3210,17.2,78,1,amc concord,4.499809670330265,0.028037383177570093,38.666666666666664,0.005358255451713395
20.6,6,231.0,105,3380,15.8,78,1,buick century special,4.653960350157523,0.03106508875739645,38.5,0.004674556213017752
20.8,6,200.0,85,3070,16.7,78,1,mercury zephyr,4.442651256490317,0.02768729641693811,33.333333333333336,0.005439739413680781
18.6,6,225.0,110,3620,18.7,78,1,dodge aspen,4.700480365792417,0.03038674033149171,37.5,0.005165745856353591
18.1,6,258.0,120,3410,15.1,78,1,amc concord d/l,4.787491742782046,0.03519061583577713,43.0,0.0044281524926686215
19.2,8,305.0,145,3425,13.2,78,1,chevrolet monte carlo landau,4.976733742420574,0.042335766423357665,38.125,0.0038540145985401456
17.7,6,231.0,165,3445,13.4,78,1,buick regal sport coupe (turbo),5.10594547390058,0.047895500725689405,38.5,0.0038896952104499273
18.1,8,302.0,139,3205,11.2,78,1,ford futura,4.9344739331306915,0.04336973478939157,37.75,0.0034945397815912636
17.5,8,318.0,140,4080,13.7,78,1,dodge magnum xe,4.941642422609304,0.03431372549019608,39.75,0.003357843137254902
30.0,4,98.0,68,2155,16.5,78,1,chevrolet chevette,4.219507705176107,0.03155452436194896,24.5,0.00765661252900232
27.5,4,134.0,95,2560,14.2,78,3,toyota corona,4.553876891600541,0.037109375,33.5,0.005546875
27.2,4,119.0,97,2300,14.7,78,3,datsun 510,4.574710978503383,0.04217391304347826,29.75,0.006391304347826087
30.9,4,105.0,75,2230,14.5,78,1,dodge omni,4.31748811353631,0.033632286995515695,26.25,0.006502242152466368
21.1,4,134.0,95,2515,14.8,78,3,toyota celica gt liftback,4.553876891600541,0.03777335984095427,33.5,0.0058846918489065606
23.2,4,156.0,105,2745,16.7,78,1,plymouth sapporo,4.653960350157523,0.03825136612021858,39.0,0.006083788706739526
23.8,4,151.0,85,2855,17.6,78,1,oldsmobile starfire sx,4.442651256490317,0.0297723292469352,37.75,0.006164623467600701
23.9,4,119.0,97,2405,14.9,78,3,datsun 200-sx,4.574710978503383,0.040332640332640335,29.75,0.006195426195426196
20.3,5,131.0,103,2830,15.9,78,2,audi 5000,4.634728988229636,0.036395759717314485,26.2,0.005618374558303887
17.0,6,163.0,125,3140,13.6,78,2,volvo 264gl,4.8283137373023015,0.03980891719745223,27.166666666666668,0.004331210191082803
21.6,4,121.0,115,2795,15.7,78,2,saab 99gle,4.74493212836325,0.04114490161001789,30.25,0.005617173524150268
16.2,6,163.0,133,3410,15.8,78,2,peugeot 604sl,4.890349128221754,0.03900293255131965,27.166666666666668,0.004633431085043989
31.5,4,89.0,71,1990,14.9,78,2,volkswagen scirocco,4.2626798770413155,0.035678391959798994,22.25,0.007487437185929649
29.5,4,98.0,68,2135,16.6,78,3,honda accord lx,4.219507705176107,0.03185011709601874,24.5,0.007775175644028104
21.5,6,231.0,115,3245,15.4,79,1,pontiac lemans v6,4.74493212836325,0.03543913713405239,38.5,0.0047457627118644066
19.8,6,200.0,85,2990,18.2,79,1,mercury zephyr 6,4.442651256490317,0.028428093645484948,33.333333333333336,0.00608695652173913
22.3,4,140.0,88,2890,17.3,79,1,ford fairmont 4,4.477336814478207,0.03044982698961938,35.0,0.005986159169550173
20.2,6,232.0,90,3265,18.2,79,1,amc concord dl 6,4.499809670330265,0.027565084226646247,38.666666666666664,0.00557427258805513
20.6,6,225.0,110,3360,16.6,79,1,dodge aspen 6,4.700480365792417,0.03273809523809524,37.5,0.004940476190476191
17.0,8,305.0,130,3840,15.4,79,1,chevrolet caprice classic,4.867534450455582,0.033854166666666664,38.125,0.0040104166666666665
17.6,8,302.0,129,3725,13.4,79,1,ford ltd landau,4.859812404361672,0.03463087248322148,37.75,0.0035973154362416108
16.5,8,351.0,138,3955,13.2,79,1,mercury grand marquis,4.927253685157205,0.03489254108723135,43.875,0.0033375474083438684
18.2,8,318.0,135,3830,15.2,79,1,dodge st. regis,4.90527477843843,0.03524804177545692,39.75,0.003968668407310705
16.9,8,350.0,155,4360,14.9,79,1,buick estate wagon (sw),5.043425116919247,0.03555045871559633,43.75,0.0034174311926605506
15.5,8,351.0,142,4054,14.3,79,1,ford country squire (sw),4.955827057601261,0.03502713369511593,43.875,0.0035273803650715343
19.2,8,267.0,125,3605,15.0,79,1,chevrolet malibu classic (sw),4.8283137373023015,0.03467406380027739,33.375,0.004160887656033287
18.5,8,360.0,150,3940,13.0,79,1,chrysler lebaron town @ country (sw),5.0106352940962555,0.03807106598984772,45.0,0.003299492385786802
31.9,4,89.0,71,1925,14.0,79,2,vw rabbit custom,4.2626798770413155,0.036883116883116886,22.25,0.007272727272727273
34.1,4,86.0,65,1975,15.2,79,3,maxda glc deluxe,4.174387269895637,0.03291139240506329,21.5,0.00769620253164557
35.7,4,98.0,80,1915,14.4,79,1,dodge colt hatchback custom,4.382026634673881,0.04177545691906005,24.5,0.00751958224543081
27.4,4,121.0,80,2670,15.0,79,1,amc spirit dl,4.382026634673881,0.0299625468164794,30.25,0.0056179775280898875
25.4,5,183.0,77,3530,20.1,79,2,mercedes benz 300d,4.343805421853684,0.02181303116147309,36.6,0.0056940509915014165
23.0,8,350.0,125,3900,17.4,79,1,cadillac eldorado,4.8283137373023015,0.03205128205128205,43.75,0.004461538461538461
34.2,4,105.0,70,2200,13.2,79,1,plymouth horizon,4.248495242049359,0.031818181818181815,26.25,0.005999999999999999
34.5,4,105.0,70,2150,14.9,79,1,plymouth horizon tc3,4.248495242049359,0.03255813953488372,26.25,0.006930232558139535
31.8,4,85.0,65,2020,19.2,79,3,datsun 210,4.174387269895637,0.03217821782178218,21.25,0.009504950495049505
37.3,4,91.0,69,2130,14.7,79,2,fiat strada custom,4.23410650459726,0.0323943661971831,22.75,0.006901408450704225
28.4,4,151.0,90,2670,16.0,79,1,buick skylark limited,4.499809670330265,0.033707865168539325,37.75,0.00599250936329588
28.8,6,173.0,115,2595,11.3,79,1,chevrolet citation,4.74493212836325,0.04431599229287091,28.833333333333332,0.004354527938342967
26.8,6,173.0,115,2700,12.9,79,1,oldsmobile omega brougham,4.74493212836325,0.04259259259259259,28.833333333333332,0.0047777777777777775
33.5,4,151.0,90,2556,13.2,79,1,pontiac phoenix,4.499809670330265,0.035211267605633804,37.75,0.005164319248826291
41.5,4,98.0,76,2144,14.7,80,2,vw rabbit,4.330733340286331,0.03544776119402985,24.5,0.006856343283582089
38.1,4,89.0,60,1968,18.8,80,3,toyota corolla tercel,4.0943445622221,0.03048780487804878,22.25,0.009552845528455286
32.1,4,98.0,70,2120,15.5,80,1,chevrolet chevette,4.248495242049359,0.0330188679245283,24.5,0.007311320754716981
37.2,4,86.0,65,2019,16.4,80,3,datsun 310,4.174387269895637,0.032194155522535906,21.5,0.008122833085685982
28.0,4,151.0,90,2678,16.5,80,1,chevrolet citation,4.499809670330265,0.033607169529499624,37.75,0.0061613144137415985
26.4,4,140.0,88,2870,18.1,80,1,ford fairmont,4.477336814478207,0.030662020905923345,35.0,0.006306620209059234
24.3,4,151.0,90,3003,20.1,80,1,amc concord,4.499809670330265,0.029970029970029972,37.75,0.006693306693306694
19.1,6,225.0,90,3381,18.7,80,1,dodge aspen,4.499809670330265,0.026619343389529725,37.5,0.005530908015380065
34.3,4,97.0,78,2188,15.8,80,2,audi 4000,4.356708826689592,0.0356489945155393,24.25,0.007221206581352834
29.8,4,134.0,90,2711,15.5,80,3,toyota corona liftback,4.499809670330265,0.033198081888601995,33.5,0.005717447436370343
31.3,4,120.0,75,2542,17.5,80,3,mazda 626,4.31748811353631,0.029504327301337528,30.0,0.006884343036978757
37.0,4,119.0,92,2434,15.0,80,3,datsun 510 hatchback,4.5217885770490405,0.03779786359901397,29.75,0.006162695152013147
32.2,4,108.0,75,2265,15.2,80,3,toyota corolla,4.31748811353631,0.033112582781456956,27.0,0.006710816777041943
46.6,4,86.0,65,2110,17.9,80,3,mazda glc,4.174387269895637,0.030805687203791468,21.5,0.008483412322274881
27.9,4,156.0,105,2800,14.4,80,1,dodge colt,4.653960350157523,0.0375,39.0,0.005142857142857143
40.8,4,85.0,65,2110,19.2,80,3,datsun 210,4.174387269895637,0.030805687203791468,21.25,0.00909952606635071
44.3,4,90.0,48,2085,21.7,80,2,vw rabbit c (diesel),3.871201010907891,0.02302158273381295,22.5,0.01040767386091127
36.4,5,121.0,67,2950,19.9,80,2,audi 5000s (diesel),4.204692619390966,0.02271186440677966,24.2,0.006745762711864407
30.0,4,146.0,67,3250,21.8,80,2,mercedes-benz 240d,4.204692619390966,0.020615384615384615,36.5,0.006707692307692308
44.6,4,91.0,67,1850,13.8,80,3,honda civic 1500 gl,4.204692619390966,0.036216216216216214,22.75,0.00745945945945946
33.8,4,97.0,67,2145,18.0,80,3,subaru dl,4.204692619390966,0.031235431235431235,24.25,0.008391608391608392
29.8,4,89.0,62,1845,15.3,80,2,vokswagen rabbit,4.127134385045092,0.03360433604336043,22.25,0.008292682926829269
32.7,6,168.0,132,2910,11.4,80,3,datsun 280-zx,4.882801922586371,0.04536082474226804,28.0,0.003917525773195876
35.0,4,122.0,88,2500,15.1,80,2,triumph tr7 coupe,4.477336814478207,0.0352,30.5,0.00604
32.4,4,107.0,72,2290,17.0,80,3,honda accord,4.276666119016055,0.0314410480349345,26.75,0.007423580786026201
27.2,4,135.0,84,2490,15.7,81,1,plymouth reliant,4.430816798843313,0.033734939759036145,33.75,0.006305220883534136
26.6,4,151.0,84,2635,16.4,81,1,buick skylark,4.430816798843313,0.031878557874762806,37.75,0.006223908918406072
25.8,4,156.0,92,2620,14.4,81,1,dodge aries wagon (sw),4.5217885770490405,0.035114503816793895,39.0,0.00549618320610687
23.5,6,173.0,110,2725,12.6,81,1,chevrolet citation,4.700480365792417,0.04036697247706422,28.833333333333332,0.004623853211009174
30.0,4,135.0,84,2385,12.9,81,1,plymouth reliant,4.430816798843313,0.03522012578616352,33.75,0.005408805031446541
39.1,4,79.0,58,1755,16.9,81,3,toyota starlet,4.060443010546419,0.03304843304843305,19.75,0.009629629629629629
39.0,4,86.0,64,1875,16.4,81,1,plymouth champ,4.1588830833596715,0.034133333333333335,21.5,0.008746666666666666
35.1,4,81.0,60,1760,16.1,81,3,honda civic 1300,4.0943445622221,0.03409090909090909,20.25,0.009147727272727274
32.3,4,97.0,67,2065,17.8,81,3,subaru,4.204692619390966,0.0324455205811138,24.25,0.008619854721549637
37.0,4,85.0,65,1975,19.4,81,3,datsun 210 mpg,4.174387269895637,0.03291139240506329,21.25,0.009822784810126581
37.7,4,89.0,62,2050,17.3,81,3,toyota tercel,4.127134385045092,0.03024390243902439,22.25,0.008439024390243903
34.1,4,91.0,68,1985,16.0,81,3,mazda glc 4,4.219507705176107,0.03425692695214106,22.75,0.008060453400503778
34.7,4,105.0,63,2215,14.9,81,1,plymouth horizon 4,4.143134726391533,0.028442437923250564,26.25,0.00672686230248307
34.4,4,98.0,65,2045,16.2,81,1,ford escort 4w,4.174387269895637,0.03178484107579462,24.5,0.007921760391198044
29.9,4,98.0,65,2380,20.7,81,1,ford escort 2h,4.174387269895637,0.0273109243697479,24.5,0.008697478991596638
33.0,4,105.0,74,2190,14.2,81,2,volkswagen jetta,4.30406509320417,0.033789954337899546,26.25,0.006484018264840182
33.7,4,107.0,75,2210,14.4,81,3,honda prelude,4.31748811353631,0.033936651583710405,26.75,0.006515837104072398
32.4,4,108.0,75,2350,16.8,81,3,toyota corolla,4.31748811353631,0.031914893617021274,27.0,0.0071489361702127665
32.9,4,119.0,100,2615,14.8,81,3,datsun 200sx,4.605170185988092,0.03824091778202677,29.75,0.005659655831739962
31.6,4,120.0,74,2635,18.3,81,3,mazda 626,4.30406509320417,0.02808349146110057,30.0,0.006944971537001898
28.1,4,141.0,80,3230,20.4,81,2,peugeot 505s turbo diesel,4.382026634673881,0.02476780185758514,35.25,0.00631578947368421
30.7,6,145.0,76,3160,19.6,81,2,volvo diesel,4.330733340286331,0.024050632911392405,24.166666666666668,0.006202531645569621
25.4,6,168.0,116,2900,12.6,81,3,toyota cressida,4.7535901911063645,0.04,28.0,0.004344827586206896
24.2,6,146.0,120,2930,13.8,81,3,datsun 810 maxima,4.787491742782046,0.040955631399317405,24.333333333333332,0.004709897610921502
22.4,6,231.0,110,3415,15.8,81,1,buick century,4.700480365792417,0.032210834553440704,38.5,0.0046266471449487555
26.6,8,350.0,105,3725,19.0,81,1,oldsmobile cutlass ls,4.653960350157523,0.028187919463087248,43.75,0.005100671140939597
20.2,6,200.0,88,3060,17.1,81,1,ford granada gl,4.477336814478207,0.02875816993464052,33.333333333333336,0.005588235294117647
17.6,6,225.0,85,3465,16.6,81,1,chrysler lebaron salon,4.442651256490317,0.024531024531024532,37.5,0.004790764790764791
28.0,4,112.0,88,2605,19.6,82,1,chevrolet cavalier,4.477336814478207,0.03378119001919386,28.0,0.007523992322456814
27.0,4,112.0,88,2640,18.6,82,1,chevrolet cavalier wagon,4.477336814478207,0.03333333333333333,28.0,0.007045454545454546
34.0,4,112.0,88,2395,18.0,82,1,chevrolet cavalier 2-door,4.477336814478207,0.03674321503131524,28.0,0.007515657620041753
31.0,4,112.0,85,2575,16.2,82,1,pontiac j2000 se hatchback,4.442651256490317,0.03300970873786408,28.0,0.0062912621359223295
29.0,4,135.0,84,2525,16.0,82,1,dodge aries se,4.430816798843313,0.03326732673267327,33.75,0.006336633663366337
27.0,4,151.0,90,2735,18.0,82,1,pontiac phoenix,4.499809670330265,0.03290676416819013,37.75,0.006581352833638025
24.0,4,140.0,92,2865,16.4,82,1,ford fairmont futura,4.5217885770490405,0.03211169284467714,35.0,0.0057242582897033155
36.0,4,105.0,74,1980,15.3,82,2,volkswagen rabbit l,4.30406509320417,0.03737373737373737,26.25,0.007727272727272728
37.0,4,91.0,68,2025,18.2,82,3,mazda glc custom l,4.219507705176107,0.03358024691358025,22.75,0.008987654320987654
31.0,4,91.0,68,1970,17.6,82,3,mazda glc custom,4.219507705176107,0.03451776649746193,22.75,0.008934010152284264
38.0,4,105.0,63,2125,14.7,82,1,plymouth horizon miser,4.143134726391533,0.029647058823529412,26.25,0.006917647058823529
36.0,4,98.0,70,2125,17.3,82,1,mercury lynx l,4.248495242049359,0.03294117647058824,24.5,0.008141176470588235
36.0,4,120.0,88,2160,14.5,82,3,nissan stanza xe,4.477336814478207,0.040740740740740744,30.0,0.006712962962962963
36.0,4,107.0,75,2205,14.5,82,3,honda accord,4.31748811353631,0.034013605442176874,26.75,0.006575963718820862
34.0,4,108.0,70,2245,16.9,82,3,toyota corolla,4.248495242049359,0.031180400890868598,27.0,0.007527839643652561
38.0,4,91.0,67,1965,15.0,82,3,honda civic,4.204692619390966,0.03409669211195929,22.75,0.007633587786259542
32.0,4,91.0,67,1965,15.7,82,3,honda civic (auto),4.204692619390966,0.03409669211195929,22.75,0.007989821882951654
38.0,4,91.0,67,1995,16.2,82,3,datsun 310 gx,4.204692619390966,0.033583959899749376,22.75,0.0081203007518797
25.0,6,181.0,110,2945,16.4,82,1,buick century limited,4.700480365792417,0.03735144312393888,30.166666666666668,0.0055687606112054325
38.0,6,262.0,85,3015,17.0,82,1,oldsmobile cutlass ciera (diesel),4.442651256490317,0.028192371475953566,43.666666666666664,0.005638474295190713
26.0,4,156.0,92,2585,14.5,82,1,chrysler lebaron medallion,4.5217885770490405,0.035589941972920695,39.0,0.005609284332688588
22.0,6,232.0,112,2835,14.7,82,1,ford granada l,4.718498871295094,0.03950617283950617,38.666666666666664,0.005185185185185185
32.0,4,144.0,96,2665,13.9,82,3,toyota celica gt,4.564348191467836,0.03602251407129456,36.0,0.005215759849906192
36.0,4,135.0,84,2370,13.0,82,1,dodge charger 2.2,4.430816798843313,0.035443037974683546,33.75,0.005485232067510549
27.0,4,151.0,90,2950,17.3,82,1,chevrolet camaro,4.499809670330265,0.030508474576271188,37.75,0.005864406779661017
27.0,4,140.0,86,2790,15.6,82,1,ford mustang gl,4.454347296253507,0.03082437275985663,35.0,0.005591397849462366
32.0,4,135.0,84,2295,11.6,82,1,dodge rampage,4.430816798843313,0.036601307189542485,33.75,0.005054466230936819
28.0,4,120.0,79,2625,18.6,82,1,ford ranger,4.3694478524670215,0.030095238095238095,30.0,0.007085714285714286
31.0,4,119.0,82,2720,19.4,82,1,chevy s-10,4.406719247264253,0.030147058823529412,29.75,0.00713235294117647
