mpg,cylinders,displacement,horsepower,weight,acceleration,year,origin,name,horsepower_log
18.0,8,307.0,130,3504,12.0,70,1,chevrolet chevelle malibu,4.867534450455582
15.0,8,350.0,165,3693,11.5,70,1,buick skylark 320,5.10594547390058
18.0,8,318.0,150,3436,11.0,70,1,plymouth satellite,5.0106352940962555
16.0,8,304.0,150,3433,12.0,70,1,amc rebel sst,5.0106352940962555
17.0,8,302.0,140,3449,10.5,70,1,ford torino,4.941642422609304
15.0,8,429.0,198,4341,10.0,70,1,ford galaxie 500,5.288267030694535
15.0,8,383.0,170,3563,10.0,70,1,dodge challenger se,5.135798437050262
15.0,8,400.0,150,3761,9.5,70,1,chevrolet monte carlo,5.0106352940962555
24.0,4,113.0,95,2372,15.0,70,3,toyota corona mark ii,4.553876891600541
22.0,6,198.0,95,2833,15.5,70,1,plymouth duster,4.553876891600541
18.0,6,199.0,97,2774,15.5,70,1,amc hornet,4.574710978503383
21.0,6,200.0,85,2587,16.0,70,1,ford maverick,4.442651256490317
27.0,4,97.0,88,2130,14.5,70,3,datsun pl510,4.477336814478207
26.0,4,97.0,46,1835,20.5,70,2,volkswagen 1131 deluxe sedan,3.828641396489095
25.0,4,110.0,87,2672,17.5,70,2,peugeot 504,4.465908118654584
24.0,4,107.0,90,2430,14.5,70,2,audi 100 ls,4.499809670330265
25.0,4,104.0,95,2375,17.5,70,2,saab 99e,4.553876891600541
26.0,4,121.0,113,2234,12.5,70,2,bmw 2002,4.727387818712341
21.0,6,199.0,90,2648,15.0,70,1,amc gremlin,4.499809670330265
10.0,8,307.0,200,4376,15.0,70,1,chevy c20,5.298317366548036
11.0,8,318.0,210,4382,13.5,70,1,dodge d200,5.3471075307174685
9.0,8,304.0,193,4732,18.5,70,1,hi 1200d,5.262690188904886
27.0,4,97.0,88,2130,14.5,71,3,datsun pl510,4.477336814478207
28.0,4,140.0,90,2264,15.5,71,1,chevrolet vega 2300,4.499809670330265
25.0,4,113.0,95,2228,14.0,71,3,toyota corona,4.553876891600541
19.0,6,232.0,100,2634,13.0,71,1,amc gremlin,4.605170185988092
16.0,6,225.0,105,3439,15.5,71,1,plymouth satellite custom,4.653960350157523
17.0,6,250.0,100,3329,15.5,71,1,chevrolet chevelle malibu,4.605170185988092
19.0,6,250.0,88,3302,15.5,71,1,ford torino 500,4.477336814478207
18.0,6,232.0,100,3288,15.5,71,1,amc matador,4.605170185988092
14.0,8,350.0,165,4209,12.0,71,1,chevrolet impala,5.10594547390058
14.0,8,400.0,175,4464,11.5,71,1,pontiac catalina brougham,5.1647859739235145
14.0,8,351.0,153,4154,13.5,71,1,ford galaxie 500,5.030437921392435
14.0,8,318.0,150,4096,13.0,71,1,plymouth fury iii,5.0106352940962555
12.0,8,383.0,180,4955,11.5,71,1,dodge monaco (sw),5.19295685089021
13.0,8,400.0,170,4746,12.0,71,1,ford country squire (sw),5.135798437050262
13.0,8,400.0,175,5140,12.0,71,1,pontiac safari (sw),5.1647859739235145
18.0,6,258.0,110,2962,13.5,71,1,amc hornet sportabout (sw),4.700480365792417
22.0,4,140.0,72,2408,19.0,71,1,chevrolet vega (sw),4.276666119016055
19.0,6,250.0,100,3282,15.0,71,1,pontiac firebird,4.605170185988092
18.0,6,250.0,88,3139,14.5,71,1,ford mustang,4.477336814478207
23.0,4,122.0,86,2220,14.0,71,1,mercury capri 2000,4.454347296253507
28.0,4,116.0,90,2123,14.0,71,2,opel 1900,4.499809670330265
30.0,4,79.0,70,2074,19.5,71,2,peugeot 304,4.248495242049359
30.0,4,88.0,76,2065,14.5,71,2,fiat 124b,4.330733340286331
31.0,4,71.0,65,1773,19.0,71,3,toyota corolla 1200,4.174387269895637
35.0,4,72.0,69,1613,18.0,71,3,datsun 1200,4.23410650459726
27.0,4,97.0,60,1834,19.0,71,2,volkswagen model 111,4.0943445622221
26.0,4,91.0,70,1955,20.5,71,1,plymouth cricket,4.248495242049359
24.0,4,113.0,95,2278,15.5,72,3,toyota corona hardtop,4.553876891600541
25.0,4,97.5,80,2126,17.0,72,1,dodge colt hardtop,4.382026634673881
20.0,4,140.0,90,2408,19.5,72,1,chevrolet vega,4.499809670330265
21.0,4,122.0,86,2226,16.5,72,1,ford pinto runabout,4.454347296253507
13.0,8,350.0,165,4274,12.0,72,1,chevrolet impala,5.10594547390058
14.0,8,400.0,175,4385,12.0,72,1,pontiac catalina,5.1647859739235145
15.0,8,318.0,150,4135,13.5,72,1,plymouth fury iii,5.0106352940962555
14.0,8,351.0,153,4129,13.0,72,1,ford galaxie 500,5.030437921392435
17.0,8,304.0,150,3672,11.5,72,1,amc ambassador sst,5.0106352940962555
11.0,8,429.0,208,4633,11.0,72,1,mercury marquis,5.337538079701318
13.0,8,350.0,155,4502,13.5,72,1,buick lesabre custom,5.043425116919247
12.0,8,350.0,160,4456,13.5,72,1,oldsmobile delta 88 royale,5.075173815233827
13.0,8,400.0,190,4422,12.5,72,1,chrysler newport royal,5.247024072160486
15.0,8,304.0,150,3892,12.5,72,1,amc matador (sw),5.0106352940962555
13.0,8,307.0,130,4098,14.0,72,1,chevrolet chevelle concours (sw),4.867534450455582
13.0,8,302.0,140,4294,16.0,72,1,ford gran torino (sw),4.941642422609304
14.0,8,318.0,150,4077,14.0,72,1,plymouth satellite custom (sw),5.0106352940962555
18.0,4,121.0,112,2933,14.5,72,2,volvo 145e (sw),4.718498871295094
22.0,4,121.0,76,2511,18.0,72,2,volkswagen 411 (sw),4.330733340286331
21.0,4,120.0,87,2979,19.5,72,2,peugeot 504 (sw),4.465908118654584
26.0,4,96.0,69,2189,18.0,72,2,renault 12 (sw),4.23410650459726
22.0,4,122.0,86,2395,16.0,72,1,ford pinto (sw),4.454347296253507
28.0,4,97.0,92,2288,17.0,72,3,datsun 510 (sw),4.5217885770490405
23.0,4,120.0,97,2506,14.5,72,3,toyouta corona mark ii (sw),4.574710978503383
28.0,4,98.0,80,2164,15.0,72,1,dodge colt (sw),4.382026634673881
27.0,4,97.0,88,2100,16.5,72,3,toyota corolla 1600 (sw),4.477336814478207
13.0,8,350.0,175,4100,13.0,73,1,buick century 350,5.1647859739235145
14.0,8,304.0,150,3672,11.5,73,1,amc matador,5.0106352940962555
13.0,8,350.0,145,3988,13.0,73,1,chevrolet malibu,4.976733742420574
14.0,8,302.0,137,4042,14.5,73,1,ford gran torino,4.919980925828125
15.0,8,318.0,150,3777,12.5,73,1,dodge coronet custom,5.0106352940962555
12.0,8,429.0,198,4952,11.5,73,1,mercury marquis brougham,5.288267030694535
13.0,8,400.0,150,4464,12.0,73,1,chevrolet caprice classic,5.0106352940962555
13.0,8,351.0,158,4363,13.0,73,1,ford ltd,5.062595033026967
14.0,8,318.0,150,4237,14.5,73,1,plymouth fury gran sedan,5.0106352940962555
13.0,8,360.0,175,3821,11.0,73,1,amc ambassador brougham,5.1647859739235145
18.0,6,225.0,105,3121,16.5,73,1,plymouth valiant,4.653960350157523
16.0,6,250.0,100,3278,18.0,73,1,chevrolet nova custom,4.605170185988092
18.0,6,232.0,100,2945,16.0,73,1,amc hornet,4.605170185988092
18.0,6,250.0,88,3021,16.5,73,1,ford maverick,4.477336814478207
23.0,6,198.0,95,2904,16.0,73,1,plymouth duster,4.553876891600541
26.0,4,97.0,46,1950,21.0,73,2,volkswagen super beetle,3.828641396489095
11.0,8,400.0,150,4997,14.0,73,1,chevrolet impala,5.0106352940962555
12.0,8,400.0,167,4906,12.5,73,1,ford country,5.117993812416755
13.0,8,360.0,170,4654,13.0,73,1,plymouth custom suburb,5.135798437050262
12.0,8,350.0,180,4499,12.5,73,1,oldsmobile vista cruiser,5.19295685089021
18.0,6,232.0,100,2789,15.0,73,1,amc gremlin,4.605170185988092
20.0,4,97.0,88,2279,19.0,73,3,toyota carina,4.477336814478207
21.0,4,140.0,72,2401,19.5,73,1,chevrolet vega,4.276666119016055
22.0,4,108.0,94,2379,16.5,73,3,datsun 610,4.543294782270004
19.0,4,122.0,85,2310,18.5,73,1,ford pinto,4.442651256490317
21.0,6,155.0,107,2472,14.0,73,1,mercury capri v6,4.672828834461906
26.0,4,98.0,90,2265,15.5,73,2,fiat 124 sport coupe,4.499809670330265
15.0,8,350.0,145,4082,13.0,73,1,chevrolet monte carlo s,4.976733742420574
29.0,4,68.0,49,1867,19.5,73,2,fiat 128,3.8918202981106265
24.0,4,116.0,75,2158,15.5,73,2,opel manta,4.31748811353631
20.0,4,114.0,91,2582,14.0,73,2,audi 100ls,4.51085950651685
19.0,4,121.0,112,2868,15.5,73,2,volvo 144ea,4.718498871295094
15.0,8,318.0,150,3399,11.0,73,1,dodge dart custom,5.0106352940962555
24.0,4,121.0,110,2660,14.0,73,2,saab 99le,4.700480365792417
20.0,6,156.0,122,2807,13.5,73,3,toyota mark ii,4.804021044733257
11.0,8,350.0,180,3664,11.0,73,1,oldsmobile omega,5.19295685089021
20.0,6,198.0,95,3102,16.5,74,1,plymouth duster,4.553876891600541
19.0,6,232.0,100,2901,16.0,74,1,amc hornet,4.605170185988092
15.0,6,250.0,100,3336,17.0,74,1,chevrolet nova,4.605170185988092
31.0,4,79.0,67,1950,19.0,74,3,datsun b210,4.204692619390966
26.0,4,122.0,80,2451,16.5,74,1,ford pinto,4.382026634673881
32.0,4,71.0,65,1836,21.0,74,3,toyota corolla 1200,4.174387269895637
25.0,4,140.0,75,2542,17.0,74,1,chevrolet vega,4.31748811353631
16.0,6,250.0,100,3781,17.0,74,1,chevrolet chevelle malibu classic,4.605170185988092
16.0,6,258.0,110,3632,18.0,74,1,amc matador,4.700480365792417
18.0,6,225.0,105,3613,16.5,74,1,plymouth satellite sebring,4.653960350157523
16.0,8,302.0,140,4141,14.0,74,1,ford gran torino,4.941642422609304
13.0,8,350.0,150,4699,14.5,74,1,buick century luxus (sw),5.0106352940962555
14.0,8,318.0,150,4457,13.5,74,1,dodge coronet custom (sw),5.0106352940962555
14.0,8,302.0,140,4638,16.0,74,1,ford gran torino (sw),4.941642422609304
14.0,8,304.0,150,4257,15.5,74,1,amc matador (sw),5.0106352940962555
29.0,4,98.0,83,2219,16.5,74,2,audi fox,4.418840607796598
26.0,4,79.0,67,1963,15.5,74,2,volkswagen dasher,4.204692619390966
26.0,4,97.0,78,2300,14.5,74,2,opel manta,4.356708826689592
31.0,4,76.0,52,1649,16.5,74,3,toyota corona,3.9512437185814275
32.0,4,83.0,61,2003,19.0,74,3,datsun 710,4.110873864173311
28.0,4,90.0,75,2125,14.5,74,1,dodge colt,4.31748811353631
24.0,4,90.0,75,2108,15.5,74,2,fiat 128,4.31748811353631
26.0,4,116.0,75,2246,14.0,74,2,fiat 124 tc,4.31748811353631
24.0,4,120.0,97,2489,15.0,74,3,honda civic,4.574710978503383
26.0,4,108.0,93,2391,15.5,74,3,subaru,4.532599493153256
31.0,4,79.0,67,2000,16.0,74,2,fiat x1.9,4.204692619390966
19.0,6,225.0,95,3264,16.0,75,1,plymouth valiant custom,4.553876891600541
18.0,6,250.0,105,3459,16.0,75,1,chevrolet nova,4.653960350157523
15.0,6,250.0,72,3432,21.0,75,1,mercury monarch,4.276666119016055
15.0,6,250.0,72,3158,19.5,75,1,ford maverick,4.276666119016055
16.0,8,400.0,170,4668,11.5,75,1,pontiac catalina,5.135798437050262
15.0,8,350.0,145,4440,14.0,75,1,chevrolet bel air,4.976733742420574
16.0,8,318.0,150,4498,14.5,75,1,plymouth grand fury,5.0106352940962555
14.0,8,351.0,148,4657,13.5,75,1,ford ltd,4.997212273764115
17.0,6,231.0,110,3907,21.0,75,1,buick century,4.700480365792417
16.0,6,250.0,105,3897,18.5,75,1,chevroelt chevelle malibu,4.653960350157523
15.0,6,258.0,110,3730,19.0,75,1,amc matador,4.700480365792417
18.0,6,225.0,95,3785,19.0,75,1,plymouth fury,4.553876891600541
21.0,6,231.0,110,3039,15.0,75,1,buick skyhawk,4.700480365792417
20.0,8,262.0,110,3221,13.5,75,1,chevrolet monza 2+2,4.700480365792417
13.0,8,302.0,129,3169,12.0,75,1,ford mustang ii,4.859812404361672
29.0,4,97.0,75,2171,16.0,75,3,toyota corolla,4.31748811353631
23.0,4,140.0,83,2639,17.0,75,1,ford pinto,4.418840607796598
20.0,6,232.0,100,2914,16.0,75,1,amc gremlin,4.605170185988092
23.0,4,140.0,78,2592,18.5,75,1,pontiac astro,4.356708826689592
24.0,4,134.0,96,2702,13.5,75,3,toyota corona,4.564348191467836
25.0,4,90.0,71,2223,16.5,75,2,volkswagen dasher,4.2626798770413155
24.0,4,119.0,97,2545,17.0,75,3,datsun 710,4.574710978503383
18.0,6,171.0,97,2984,14.5,75,1,ford pinto,4.574710978503383
29.0,4,90.0,70,1937,14.0,75,2,volkswagen rabbit,4.248495242049359
19.0,6,232.0,90,3211,17.0,75,1,amc pacer,4.499809670330265
23.0,4,115.0,95,2694,15.0,75,2,audi 100ls,4.553876891600541
23.0,4,120.0,88,2957,17.0,75,2,peugeot 504,4.477336814478207
22.0,4,121.0,98,2945,14.5,75,2,volvo 244dl,4.584967478670572
25.0,4,121.0,115,2671,13.5,75,2,saab 99le,4.74493212836325
33.0,4,91.0,53,1795,17.5,75,3,honda civic cvcc,3.970291913552122
28.0,4,107.0,86,2464,15.5,76,2,fiat 131,4.454347296253507
25.0,4,116.0,81,2220,16.9,76,2,opel 1900,4.394449154672439
25.0,4,140.0,92,2572,14.9,76,1,capri ii,4.5217885770490405
26.0,4,98.0,79,2255,17.7,76,1,dodge colt,4.3694478524670215
27.0,4,101.0,83,2202,15.3,76,2,renault 12tl,4.418840607796598
17.5,8,305.0,140,4215,13.0,76,1,chevrolet chevelle malibu classic,4.941642422609304
16.0,8,318.0,150,4190,13.0,76,1,dodge coronet brougham,5.0106352940962555
15.5,8,304.0,120,3962,13.9,76,1,amc matador,4.787491742782046
14.5,8,351.0,152,4215,12.8,76,1,ford gran torino,5.0238805208462765
22.0,6,225.0,100,3233,15.4,76,1,plymouth valiant,4.605170185988092
22.0,6,250.0,105,3353,14.5,76,1,chevrolet nova,4.653960350157523
24.0,6,200.0,81,3012,17.6,76,1,ford maverick,4.394449154672439
22.5,6,232.0,90,3085,17.6,76,1,amc hornet,4.499809670330265
29.0,4,90.0,70,1937,14.2,76,2,vw rabbit,4.248495242049359
33.0,4,91.0,53,1795,17.4,76,3,honda civic,3.970291913552122
20.0,6,225.0,100,3651,17.7,76,1,dodge aspen se,4.605170185988092
18.0,6,250.0,78,3574,21.0,76,1,ford granada ghia,4.356708826689592
18.5,6,250.0,110,3645,16.2,76,1,pontiac ventura sj,4.700480365792417
17.5,6,258.0,95,3193,17.8,76,1,amc pacer d/l,4.553876891600541
29.5,4,97.0,71,1825,12.2,76,2,volkswagen rabbit,4.2626798770413155
32.0,4,85.0,70,1990,17.0,76,3,datsun b-210,4.248495242049359
28.0,4,97.0,75,2155,16.4,76,3,toyota corolla,4.31748811353631
26.5,4,140.0,72,2565,13.6,76,1,ford pinto,4.276666119016055
20.0,4,130.0,102,3150,15.7,76,2,volvo 245,4.624972813284271
13.0,8,318.0,150,3940,13.2,76,1,plymouth volare premier v8,5.0106352940962555
19.0,4,120.0,88,3270,21.9,76,2,peugeot 504,4.477336814478207
19.0,6,156.0,108,2930,15.5,76,3,toyota mark ii,4.68213122712422
16.5,6,168.0,120,3820,16.7,76,2,mercedes-benz 280s,4.787491742782046
16.5,8,350.0,180,4380,12.1,76,1,cadillac seville,5.19295685089021
13.0,8,350.0,145,4055,12.0,76,1,chevy c10,4.976733742420574
13.0,8,302.0,130,3870,15.0,76,1,ford f108,4.867534450455582
13.0,8,318.0,150,3755,14.0,76,1,dodge d100,5.0106352940962555
31.5,4,98.0,68,2045,18.5,77,3,honda accord cvcc,4.219507705176107
30.0,4,111.0,80,2155,14.8,77,1,buick opel isuzu deluxe,4.382026634673881
36.0,4,79.0,58,1825,18.6,77,2,renault 5 gtl,4.060443010546419
25.5,4,122.0,96,2300,15.5,77,1,plymouth arrow gs,4.564348191467836
33.5,4,85.0,70,1945,16.8,77,3,datsun f-10 hatchback,4.248495242049359
17.5,8,305.0,145,3880,12.5,77,1,chevrolet caprice classic,4.976733742420574
17.0,8,260.0,110,4060,19.0,77,1,oldsmobile cutlass supreme,4.700480365792417
15.5,8,318.0,145,4140,13.7,77,1,dodge monaco brougham,4.976733742420574
15.0,8,302.0,130,4295,14.9,77,1,mercury cougar brougham,4.867534450455582
17.5,6,250.0,110,3520,16.4,77,1,chevrolet concours,4.700480365792417
20.5,6,231.0,105,3425,16.9,77,1,buick skylark,4.653960350157523
19.0,6,225.0,100,3630,17.7,77,1,plymouth volare custom,4.605170185988092
18.5,6,250.0,98,3525,19.0,77,1,ford granada,4.584967478670572
16.0,8,400.0,180,4220,11.1,77,1,pontiac grand prix lj,5.19295685089021
15.5,8,350.0,170,4165,11.4,77,1,chevrolet monte carlo landau,5.135798437050262
15.5,8,400.0,190,4325,12.2,77,1,chrysler cordoba,5.247024072160486
16.0,8,351.0,149,4335,14.5,77,1,ford thunderbird,5.003946305945459
29.0,4,97.0,78,1940,14.5,77,2,volkswagen rabbit custom,4.356708826689592
24.5,4,151.0,88,2740,16.0,77,1,pontiac sunbird coupe,4.477336814478207
26.0,4,97.0,75,2265,18.2,77,3,toyota corolla liftback,4.31748811353631
25.5,4,140.0,89,2755,15.8,77,1,ford mustang ii 2+2,4.48863636973214
30.5,4,98.0,63,2051,17.0,77,1,chevrolet chevette,4.143134726391533
33.5,4,98.0,83,2075,15.9,77,1,dodge colt m/m,4.418840607796598
30.0,4,97.0,67,1985,16.4,77,3,subaru dl,4.204692619390966
30.5,4,97.0,78,2190,14.1,77,2,volkswagen dasher,4.356708826689592
22.0,6,146.0,97,2815,14.5,77,3,datsun 810,4.574710978503383
21.5,4,121.0,110,2600,12.8,77,2,bmw 320i,4.700480365792417
43.1,4,90.0,48,1985,21.5,78,2,volkswagen rabbit custom diesel,3.871201010907891
36.1,4,98.0,66,1800,14.4,78,1,ford fiesta,4.189654742026425
32.8,4,78.0,52,1985,19.4,78,3,mazda glc deluxe,3.9512437185814275
39.4,4,85.0,70,2070,18.6,78,3,datsun b210 gx,4.248495242049359
36.1,4,91.0,60,1800,16.4,78,3,honda civic cvcc,4.0943445622221
19.9,8,260.0,110,3365,15.5,78,1,oldsmobile cutlass salon brougham,4.700480365792417
19.4,8,318.0,140,3735,13.2,78,1,dodge diplomat,4.941642422609304
20.2,8,302.0,139,3570,12.8,78,1,mercury monarch ghia,4.9344739331306915
19.2,6,231.0,105,3535,19.2,78,1,pontiac phoenix lj,4.653960350157523
20.5,6,200.0,95,3155,18.2,78,1,chevrolet malibu,4.553876891600541
20.2,6,200.0,85,2965,15.8,78,1,ford fairmont (auto),4.442651256490317
25.1,4,140.0,88,2720,15.4,78,1,ford fairmont (man),4.477336814478207
20.5,6,225.0,100,3430,17.2,78,1,plymouth volare,4.605170185988092
19.4,6,232.0,90,3210,17.2,78,1,amc concord,4.499809670330265
20.6,6,231.0,105,3380,15.8,78,1,buick century special,4.653960350157523
20.8,6,200.0,85,3070,16.7,78,1,mercury zephyr,4.442651256490317
18.6,6,225.0,110,3620,18.7,78,1,dodge aspen,4.700480365792417
18.1,6,258.0,120,3410,15.1,78,1,amc concord d/l,4.787491742782046
19.2,8,305.0,145,3425,13.2,78,1,chevrolet monte carlo landau,4.976733742420574
17.7,6,231.0,165,3445,13.4,78,1,buick regal sport coupe (turbo),5.10594547390058
18.1,8,302.0,139,3205,11.2,78,1,ford futura,4.9344739331306915
17.5,8,318.0,140,4080,13.7,78,1,dodge magnum xe,4.941642422609304
30.0,4,98.0,68,2155,16.5,78,1,chevrolet chevette,4.219507705176107
27.5,4,134.0,95,2560,14.2,78,3,toyota corona,4.553876891600541
27.2,4,119.0,97,2300,14.7,78,3,datsun 510,4.574710978503383
30.9,4,105.0,75,2230,14.5,78,1,dodge omni,4.31748811353631
21.1,4,134.0,95,2515,14.8,78,3,toyota celica gt liftback,4.553876891600541
23.2,4,156.0,105,2745,16.7,78,1,plymouth sapporo,4.653960350157523
23.8,4,151.0,85,2855,17.6,78,1,oldsmobile starfire sx,4.442651256490317
23.9,4,119.0,97,2405,14.9,78,3,datsun 200-sx,4.574710978503383
20.3,5,131.0,103,2830,15.9,78,2,audi 5000,4.634728988229636
17.0,6,163.0,125,3140,13.6,78,2,volvo 264gl,4.8283137373023015
21.6,4,121.0,115,2795,15.7,78,2,saab 99gle,4.74493212836325
16.2,6,163.0,133,3410,15.8,78,2,peugeot 604sl,4.890349128221754
31.5,4,89.0,71,1990,14.9,78,2,volkswagen scirocco,4.2626798770413155
29.5,4,98.0,68,2135,16.6,78,3,honda accord lx,4.219507705176107
21.5,6,231.0,115,3245,15.4,79,1,pontiac lemans v6,4.74493212836325
19.8,6,200.0,85,2990,18.2,79,1,mercury zephyr 6,4.442651256490317
22.3,4,140.0,88,2890,17.3,79,1,ford fairmont 4,4.477336814478207
20.2,6,232.0,90,3265,18.2,79,1,amc concord dl 6,4.499809670330265
20.6,6,225.0,110,3360,16.6,79,1,dodge aspen 6,4.700480365792417
17.0,8,305.0,130,3840,15.4,79,1,chevrolet caprice classic,4.867534450455582
17.6,8,302.0,129,3725,13.4,79,1,ford ltd landau,4.859812404361672
16.5,8,351.0,138,3955,13.2,79,1,mercury grand marquis,4.927253685157205
18.2,8,318.0,135,3830,15.2,79,1,dodge st. regis,4.90527477843843
16.9,8,350.0,155,4360,14.9,79,1,buick estate wagon (sw),5.043425116919247
15.5,8,351.0,142,4054,14.3,79,1,ford country squire (sw),4.955827057601261
19.2,8,267.0,125,3605,15.0,79,1,chevrolet malibu classic (sw),4.8283137373023015
18.5,8,360.0,150,3940,13.0,79,1,chrysler lebaron town @ country (sw),5.0106352940962555
31.9,4,89.0,71,1925,14.0,79,2,vw rabbit custom,4.2626798770413155
34.1,4,86.0,65,1975,15.2,79,3,maxda glc deluxe,4.174387269895637
35.7,4,98.0,80,1915,14.4,79,1,dodge colt hatchback custom,4.382026634673881
27.4,4,121.0,80,2670,15.0,79,1,amc spirit dl,4.382026634673881
25.4,5,183.0,77,3530,20.1,79,2,mercedes benz 300d,4.343805421853684
23.0,8,350.0,125,3900,17.4,79,1,cadillac eldorado,4.8283137373023015
34.2,4,105.0,70,2200,13.2,79,1,plymouth horizon,4.248495242049359
34.5,4,105.0,70,2150,14.9,79,1,plymouth horizon tc3,4.248495242049359
31.8,4,85.0,65,2020,19.2,79,3,datsun 210,4.174387269895637
37.3,4,91.0,69,2130,14.7,79,2,fiat strada custom,4.23410650459726
28.4,4,151.0,90,2670,16.0,79,1,buick skylark limited,4.499809670330265
28.8,6,173.0,115,2595,11.3,79,1,chevrolet citation,4.74493212836325
26.8,6,173.0,115,2700,12.9,79,1,oldsmobile omega brougham,4.74493212836325
33.5,4,151.0,90,2556,13.2,79,1,pontiac phoenix,4.499809670330265
41.5,4,98.0,76,2144,14.7,80,2,vw rabbit,4.330733340286331
38.1,4,89.0,60,1968,18.8,80,3,toyota corolla tercel,4.0943445622221
32.1,4,98.0,70,2120,15.5,80,1,chevrolet chevette,4.248495242049359
37.2,4,86.0,65,2019,16.4,80,3,datsun 310,4.174387269895637
28.0,4,151.0,90,2678,16.5,80,1,chevrolet citation,4.499809670330265
26.4,4,140.0,88,2870,18.1,80,1,ford fairmont,4.477336814478207
24.3,4,151.0,90,3003,20.1,80,1,amc concord,4.499809670330265
19.1,6,225.0,90,3381,18.7,80,1,dodge aspen,4.499809670330265
34.3,4,97.0,78,2188,15.8,80,2,audi 4000,4.356708826689592
29.8,4,134.0,90,2711,15.5,80,3,toyota corona liftback,4.499809670330265
31.3,4,120.0,75,2542,17.5,80,3,mazda 626,4.31748811353631
37.0,4,119.0,92,2434,15.0,80,3,datsun 510 hatchback,4.5217885770490405
32.2,4,108.0,75,2265,15.2,80,3,toyota corolla,4.31748811353631
46.6,4,86.0,65,2110,17.9,80,3,mazda glc,4.174387269895637
27.9,4,156.0,105,2800,14.4,80,1,dodge colt,4.653960350157523
40.8,4,85.0,65,2110,19.2,80,3,datsun 210,4.174387269895637
44.3,4,90.0,48,2085,21.7,80,2,vw rabbit c (diesel),3.871201010907891
36.4,5,121.0,67,2950,19.9,80,2,audi 5000s (diesel),4.204692619390966
30.0,4,146.0,67,3250,21.8,80,2,mercedes-benz 240d,4.204692619390966
44.6,4,91.0,67,1850,13.8,80,3,honda civic 1500 gl,4.204692619390966
33.8,4,97.0,67,2145,18.0,80,3,subaru dl,4.204692619390966
29.8,4,89.0,62,1845,15.3,80,2,vokswagen rabbit,4.127134385045092
32.7,6,168.0,132,2910,11.4,80,3,datsun 280-zx,4.882801922586371
35.0,4,122.0,88,2500,15.1,80,2,triumph tr7 coupe,4.477336814478207
32.4,4,107.0,72,2290,17.0,80,3,honda accord,4.276666119016055
27.2,4,135.0,84,2490,15.7,81,1,plymouth reliant,4.430816798843313
26.6,4,151.0,84,2635,16.4,81,1,buick skylark,4.430816798843313
25.8,4,156.0,92,2620,14.4,81,1,dodge aries wagon (sw),4.5217885770490405
23.5,6,173.0,110,2725,12.6,81,1,chevrolet citation,4.700480365792417
30.0,4,135.0,84,2385,12.9,81,1,plymouth reliant,4.430816798843313
39.1,4,79.0,58,1755,16.9,81,3,toyota starlet,4.060443010546419
39.0,4,86.0,64,1875,16.4,81,1,plymouth champ,4.1588830833596715
35.1,4,81.0,60,1760,16.1,81,3,honda civic 1300,4.0943445622221
32.3,4,97.0,67,2065,17.8,81,3,subaru,4.204692619390966
37.0,4,85.0,65,1975,19.4,81,3,datsun 210 mpg,4.174387269895637
37.7,4,89.0,62,2050,17.3,81,3,toyota tercel,4.127134385045092
34.1,4,91.0,68,1985,16.0,81,3,mazda glc 4,4.219507705176107
34.7,4,105.0,63,2215,14.9,81,1,plymouth horizon 4,4.143134726391533
34.4,4,98.0,65,2045,16.2,81,1,ford escort 4w,4.174387269895637
29.9,4,98.0,65,2380,20.7,81,1,ford escort 2h,4.174387269895637
33.0,4,105.0,74,2190,14.2,81,2,volkswagen jetta,4.30406509320417
33.7,4,107.0,75,2210,14.4,81,3,honda prelude,4.31748811353631
32.4,4,108.0,75,2350,16.8,81,3,toyota corolla,4.31748811353631
32.9,4,119.0,100,2615,14.8,81,3,datsun 200sx,4.605170185988092
31.6,4,120.0,74,2635,18.3,81,3,mazda 626,4.30406509320417
28.1,4,141.0,80,3230,20.4,81,2,peugeot 505s turbo diesel,4.382026634673881
30.7,6,145.0,76,3160,19.6,81,2,volvo diesel,4.330733340286331
25.4,6,168.0,116,2900,12.6,81,3,toyota cressida,4.7535901911063645
24.2,6,146.0,120,2930,13.8,81,3,datsun 810 maxima,4.787491742782046
22.4,6,231.0,110,3415,15.8,81,1,buick century,4.700480365792417
26.6,8,350.0,105,3725,19.0,81,1,oldsmobile cutlass ls,4.653960350157523
20.2,6,200.0,88,3060,17.1,81,1,ford granada gl,4.477336814478207
17.6,6,225.0,85,3465,16.6,81,1,chrysler lebaron salon,4.442651256490317
28.0,4,112.0,88,2605,19.6,82,1,chevrolet cavalier,4.477336814478207
27.0,4,112.0,88,2640,18.6,82,1,chevrolet cavalier wagon,4.477336814478207
34.0,4,112.0,88,2395,18.0,82,1,chevrolet cavalier 2-door,4.477336814478207
31.0,4,112.0,85,2575,16.2,82,1,pontiac j2000 se hatchback,4.442651256490317
29.0,4,135.0,84,2525,16.0,82,1,dodge aries se,4.430816798843313
27.0,4,151.0,90,2735,18.0,82,1,pontiac phoenix,4.499809670330265
24.0,4,140.0,92,2865,16.4,82,1,ford fairmont futura,4.5217885770490405
36.0,4,105.0,74,1980,15.3,82,2,volkswagen rabbit l,4.30406509320417
37.0,4,91.0,68,2025,18.2,82,3,mazda glc custom l,4.219507705176107
31.0,4,91.0,68,1970,17.6,82,3,mazda glc custom,4.219507705176107
38.0,4,105.0,63,2125,14.7,82,1,plymouth horizon miser,4.143134726391533
36.0,4,98.0,70,2125,17.3,82,1,mercury lynx l,4.248495242049359
36.0,4,120.0,88,2160,14.5,82,3,nissan stanza xe,4.477336814478207
36.0,4,107.0,75,2205,14.5,82,3,honda accord,4.31748811353631
34.0,4,108.0,70,2245,16.9,82,3,toyota corolla,4.248495242049359
38.0,4,91.0,67,1965,15.0,82,3,honda civic,4.204692619390966
32.0,4,91.0,67,1965,15.7,82,3,honda civic (auto),4.204692619390966
38.0,4,91.0,67,1995,16.2,82,3,datsun 310 gx,4.204692619390966
25.0,6,181.0,110,2945,16.4,82,1,buick century limited,4.700480365792417
38.0,6,262.0,85,3015,17.0,82,1,oldsmobile cutlass ciera (diesel),4.442651256490317
26.0,4,156.0,92,2585,14.5,82,1,chrysler lebaron medallion,4.5217885770490405
22.0,6,232.0,112,2835,14.7,82,1,ford granada l,4.718498871295094
32.0,4,144.0,96,2665,13.9,82,3,toyota celica gt,4.564348191467836
36.0,4,135.0,84,2370,13.0,82,1,dodge charger 2.2,4.430816798843313
27.0,4,151.0,90,2950,17.3,82,1,chevrolet camaro,4.499809670330265
27.0,4,140.0,86,2790,15.6,82,1,ford mustang gl,4.454347296253507
32.0,4,135.0,84,2295,11.6,82,1,dodge rampage,4.430816798843313
28.0,4,120.0,79,2625,18.6,82,1,ford ranger,4.3694478524670215
31.0,4,119.0,82,2720,19.4,82,1,chevy s-10,4.406719247264253
