mpg,cylinders,displacement,horsepower,weight,acceleration,year,name,horsepower_log,power_to_weight,displacement_per_cyl,acceleration_per_weight,origin_Europe,origin_Japan,origin_USA
18.0,8,307.0,130,3504,12.0,70,chevrolet chevelle malibu,4.867534450455582,0.0371004566210045,38.375,0.0034246575342465,False,False,True
15.0,8,350.0,165,3693,11.5,70,buick skylark 320,5.10594547390058,0.0446791226645004,43.75,0.0031139994584348,False,False,True
18.0,8,318.0,150,3436,11.0,70,plymouth satellite,5.0106352940962555,0.0436554132712456,39.75,0.0032013969732246,False,False,True
16.0,8,304.0,150,3433,12.0,70,amc rebel sst,5.0106352940962555,0.0436935624817943,38.0,0.0034954849985435,False,False,True
17.0,8,302.0,140,3449,10.5,70,ford torino,4.941642422609304,0.040591475790084,37.75,0.0030443606842563,False,False,True
15.0,8,429.0,198,4341,10.0,70,ford galaxie 500,5.288267030694535,0.045611610228058,53.625,0.0023036166781847,False,False,True
15.0,8,383.0,170,3563,10.0,70,dodge challenger se,5.135798437050262,0.0477126017401066,47.875,0.0028066236317709,False,False,True
15.0,8,400.0,150,3761,9.5,70,chevrolet monte carlo,5.0106352940962555,0.039883009837809,50.0,0.0025259239563945,False,False,True
24.0,4,113.0,95,2372,15.0,70,toyota corona mark ii,4.553876891600541,0.0400505902192242,28.25,0.0063237774030354,False,True,False
22.0,6,198.0,95,2833,15.5,70,plymouth duster,4.553876891600541,0.0335333568655135,33.0,0.0054712319096364,False,False,True
18.0,6,199.0,97,2774,15.5,70,amc hornet,4.574710978503383,0.0349675558759913,33.166666666666664,0.0055875991348233,False,False,True
21.0,6,200.0,85,2587,16.0,70,ford maverick,4.442651256490317,0.0328565906455353,33.333333333333336,0.0061847700038654,False,False,True
27.0,4,97.0,88,2130,14.5,70,datsun pl510,4.477336814478207,0.0413145539906103,24.25,0.0068075117370892,False,True,False
26.0,4,97.0,46,1835,20.5,70,volkswagen 1131 deluxe sedan,3.828641396489095,0.0250681198910081,24.25,0.0111716621253406,True,False,False
25.0,4,110.0,87,2672,17.5,70,peugeot 504,4.465908118654584,0.0325598802395209,27.5,0.0065494011976047,True,False,False
24.0,4,107.0,90,2430,14.5,70,audi 100 ls,4.499809670330265,0.037037037037037,26.75,0.0059670781893004,True,False,False
25.0,4,104.0,95,2375,17.5,70,saab 99e,4.553876891600541,0.04,26.0,0.0073684210526315,True,False,False
26.0,4,121.0,113,2234,12.5,70,bmw 2002,4.727387818712341,0.0505819158460161,30.25,0.0055953446732318,True,False,False
21.0,6,199.0,90,2648,15.0,70,amc gremlin,4.499809670330265,0.0339879154078549,33.166666666666664,0.0056646525679758,False,False,True
10.0,8,307.0,200,4376,15.0,70,chevy c20,5.298317366548036,0.0457038391224862,38.375,0.0034277879341864,False,False,True
11.0,8,318.0,210,4382,13.5,70,dodge d200,5.3471075307174685,0.047923322683706,39.75,0.0030807850296668,False,False,True
9.0,8,304.0,193,4732,18.5,70,hi 1200d,5.262690188904886,0.040786136939983,38.0,0.003909551986475,False,False,True
27.0,4,97.0,88,2130,14.5,71,datsun pl510,4.477336814478207,0.0413145539906103,24.25,0.0068075117370892,False,True,False
28.0,4,140.0,90,2264,15.5,71,chevrolet vega 2300,4.499809670330265,0.0397526501766784,35.0,0.0068462897526501,False,False,True
25.0,4,113.0,95,2228,14.0,71,toyota corona,4.553876891600541,0.0426391382405745,28.25,0.0062836624775583,False,True,False
19.0,6,232.0,100,2634,13.0,71,amc gremlin,4.605170185988092,0.037965072133637,38.666666666666664,0.0049354593773728,False,False,True
16.0,6,225.0,105,3439,15.5,71,plymouth satellite custom,4.653960350157523,0.0305321314335562,37.5,0.0045071241640011,False,False,True
17.0,6,250.0,100,3329,15.5,71,chevrolet chevelle malibu,4.605170185988092,0.0300390507659957,41.666666666666664,0.0046560528687293,False,False,True
19.0,6,250.0,88,3302,15.5,71,ford torino 500,4.477336814478207,0.0266505148394912,41.666666666666664,0.0046941247728649,False,False,True
18.0,6,232.0,100,3288,15.5,71,amc matador,4.605170185988092,0.0304136253041362,38.666666666666664,0.0047141119221411,False,False,True
14.0,8,350.0,165,4209,12.0,71,chevrolet impala,5.10594547390058,0.0392017106200997,43.75,0.0028510334996436,False,False,True
14.0,8,400.0,175,4464,11.5,71,pontiac catalina brougham,5.1647859739235145,0.0392025089605734,50.0,0.0025761648745519,False,False,True
14.0,8,351.0,153,4154,13.5,71,ford galaxie 500,5.030437921392435,0.0368319691863264,43.875,0.0032498796340876,False,False,True
14.0,8,318.0,150,4096,13.0,71,plymouth fury iii,5.0106352940962555,0.03662109375,39.75,0.003173828125,False,False,True
12.0,8,383.0,180,4955,11.5,71,dodge monaco (sw),5.19295685089021,0.036326942482341,47.875,0.0023208879919273,False,False,True
13.0,8,400.0,170,4746,12.0,71,ford country squire (sw),5.135798437050262,0.035819637589549,50.0,0.0025284450063211,False,False,True
13.0,8,400.0,175,5140,12.0,71,pontiac safari (sw),5.1647859739235145,0.0340466926070038,50.0,0.0023346303501945,False,False,True
18.0,6,258.0,110,2962,13.5,71,amc hornet sportabout (sw),4.700480365792417,0.0371370695476029,43.0,0.0045577312626603,False,False,True
22.0,4,140.0,72,2408,19.0,71,chevrolet vega (sw),4.276666119016055,0.0299003322259136,35.0,0.0078903654485049,False,False,True
19.0,6,250.0,100,3282,15.0,71,pontiac firebird,4.605170185988092,0.0304692260816575,41.666666666666664,0.0045703839122486,False,False,True
18.0,6,250.0,88,3139,14.5,71,ford mustang,4.477336814478207,0.0280344058617394,41.666666666666664,0.0046193055113093,False,False,True
23.0,4,122.0,86,2220,14.0,71,mercury capri 2000,4.454347296253507,0.0387387387387387,30.5,0.0063063063063063,False,False,True
28.0,4,116.0,90,2123,14.0,71,opel 1900,4.499809670330265,0.0423928403203014,29.0,0.0065944418276024,True,False,False
30.0,4,79.0,70,2074,19.5,71,peugeot 304,4.248495242049359,0.0337512054001928,19.75,0.0094021215043394,True,False,False
30.0,4,88.0,76,2065,14.5,71,fiat 124b,4.330733340286331,0.0368038740920096,22.0,0.0070217917675544,True,False,False
31.0,4,71.0,65,1773,19.0,71,toyota corolla 1200,4.174387269895637,0.0366610265087422,17.75,0.0107163000564015,False,True,False
35.0,4,72.0,69,1613,18.0,71,datsun 1200,4.23410650459726,0.0427774333539987,18.0,0.0111593304401735,False,True,False
27.0,4,97.0,60,1834,19.0,71,volkswagen model 111,4.0943445622221,0.0327153762268266,24.25,0.010359869138495,True,False,False
26.0,4,91.0,70,1955,20.5,71,plymouth cricket,4.248495242049359,0.0358056265984654,22.75,0.0104859335038363,False,False,True
24.0,4,113.0,95,2278,15.5,72,toyota corona hardtop,4.553876891600541,0.0417032484635645,28.25,0.0068042142230026,False,True,False
25.0,4,97.5,80,2126,17.0,72,dodge colt hardtop,4.382026634673881,0.037629350893697,24.375,0.0079962370649106,False,False,True
20.0,4,140.0,90,2408,19.5,72,chevrolet vega,4.499809670330265,0.037375415282392,35.0,0.0080980066445182,False,False,True
21.0,4,122.0,86,2226,16.5,72,ford pinto runabout,4.454347296253507,0.0386343216531895,30.5,0.0074123989218328,False,False,True
13.0,8,350.0,165,4274,12.0,72,chevrolet impala,5.10594547390058,0.0386055217594759,43.75,0.00280767430978,False,False,True
14.0,8,400.0,175,4385,12.0,72,pontiac catalina,5.1647859739235145,0.0399087799315849,50.0,0.0027366020524515,False,False,True
15.0,8,318.0,150,4135,13.5,72,plymouth fury iii,5.0106352940962555,0.0362756952841596,39.75,0.0032648125755743,False,False,True
14.0,8,351.0,153,4129,13.0,72,ford galaxie 500,5.030437921392435,0.0370549769920077,43.875,0.0031484620973601,False,False,True
17.0,8,304.0,150,3672,11.5,72,amc ambassador sst,5.0106352940962555,0.0408496732026143,38.0,0.0031318082788671,False,False,True
11.0,8,429.0,208,4633,11.0,72,mercury marquis,5.337538079701318,0.0448953162097992,53.625,0.0023742715303259,False,False,True
13.0,8,350.0,155,4502,13.5,72,buick lesabre custom,5.043425116919247,0.0344291426032874,43.75,0.002998667258996,False,False,True
12.0,8,350.0,160,4456,13.5,72,oldsmobile delta 88 royale,5.075173815233827,0.0359066427289048,43.75,0.0030296229802513,False,False,True
13.0,8,400.0,190,4422,12.5,72,chrysler newport royal,5.247024072160486,0.0429669832654907,50.0,0.0028267752148349,False,False,True
15.0,8,304.0,150,3892,12.5,72,amc matador (sw),5.0106352940962555,0.0385405960945529,38.0,0.0032117163412127,False,False,True
13.0,8,307.0,130,4098,14.0,72,chevrolet chevelle concours (sw),4.867534450455582,0.0317227916056613,38.375,0.0034163006344558,False,False,True
13.0,8,302.0,140,4294,16.0,72,ford gran torino (sw),4.941642422609304,0.0326036329762459,37.75,0.0037261294829995,False,False,True
14.0,8,318.0,150,4077,14.0,72,plymouth satellite custom (sw),5.0106352940962555,0.0367917586460632,39.75,0.0034338974736325,False,False,True
18.0,4,121.0,112,2933,14.5,72,volvo 145e (sw),4.718498871295094,0.0381861575178997,30.25,0.004943743607228,True,False,False
22.0,4,121.0,76,2511,18.0,72,volkswagen 411 (sw),4.330733340286331,0.0302668259657506,30.25,0.007168458781362,True,False,False
21.0,4,120.0,87,2979,19.5,72,peugeot 504 (sw),4.465908118654584,0.0292044310171198,30.0,0.0065458207452165,True,False,False
26.0,4,96.0,69,2189,18.0,72,renault 12 (sw),4.23410650459726,0.0315212425765189,24.0,0.0082229328460484,True,False,False
22.0,4,122.0,86,2395,16.0,72,ford pinto (sw),4.454347296253507,0.0359081419624217,30.5,0.0066805845511482,False,False,True
28.0,4,97.0,92,2288,17.0,72,datsun 510 (sw),4.5217885770490405,0.0402097902097902,24.25,0.0074300699300699,False,True,False
23.0,4,120.0,97,2506,14.5,72,toyouta corona mark ii (sw),4.574710978503383,0.038707102952913,30.0,0.0057861133280127,False,True,False
28.0,4,98.0,80,2164,15.0,72,dodge colt (sw),4.382026634673881,0.0369685767097966,24.5,0.0069316081330868,False,False,True
27.0,4,97.0,88,2100,16.5,72,toyota corolla 1600 (sw),4.477336814478207,0.0419047619047619,24.25,0.0078571428571428,False,True,False
13.0,8,350.0,175,4100,13.0,73,buick century 350,5.1647859739235145,0.0426829268292682,43.75,0.003170731707317,False,False,True
14.0,8,304.0,150,3672,11.5,73,amc matador,5.0106352940962555,0.0408496732026143,38.0,0.0031318082788671,False,False,True
13.0,8,350.0,145,3988,13.0,73,chevrolet malibu,4.976733742420574,0.036359077231695,43.75,0.003259779338014,False,False,True
14.0,8,302.0,137,4042,14.5,73,ford gran torino,4.919980925828125,0.0338941118258288,37.75,0.0035873330034636,False,False,True
15.0,8,318.0,150,3777,12.5,73,dodge coronet custom,5.0106352940962555,0.0397140587768069,39.75,0.0033095048980672,False,False,True
12.0,8,429.0,198,4952,11.5,73,mercury marquis brougham,5.288267030694535,0.039983844911147,53.625,0.0023222940226171,False,False,True
13.0,8,400.0,150,4464,12.0,73,chevrolet caprice classic,5.0106352940962555,0.0336021505376344,50.0,0.0026881720430107,False,False,True
13.0,8,351.0,158,4363,13.0,73,ford ltd,5.062595033026967,0.0362136144854457,43.875,0.0029796011918404,False,False,True
14.0,8,318.0,150,4237,14.5,73,plymouth fury gran sedan,5.0106352940962555,0.0354024073637007,39.75,0.0034222327118244,False,False,True
13.0,8,360.0,175,3821,11.0,73,amc ambassador brougham,5.1647859739235145,0.0457995289191311,45.0,0.0028788275320596,False,False,True
18.0,6,225.0,105,3121,16.5,73,plymouth valiant,4.653960350157523,0.0336430631207946,37.5,0.0052867670618391,False,False,True
16.0,6,250.0,100,3278,18.0,73,chevrolet nova custom,4.605170185988092,0.0305064063453325,41.666666666666664,0.0054911531421598,False,False,True
18.0,6,232.0,100,2945,16.0,73,amc hornet,4.605170185988092,0.0339558573853989,38.666666666666664,0.0054329371816638,False,False,True
18.0,6,250.0,88,3021,16.5,73,ford maverick,4.477336814478207,0.0291294273419397,41.666666666666664,0.0054617676266137,False,False,True
23.0,6,198.0,95,2904,16.0,73,plymouth duster,4.553876891600541,0.0327134986225895,33.0,0.0055096418732782,False,False,True
26.0,4,97.0,46,1950,21.0,73,volkswagen super beetle,3.828641396489095,0.0235897435897435,24.25,0.0107692307692307,True,False,False
11.0,8,400.0,150,4997,14.0,73,chevrolet impala,5.0106352940962555,0.0300180108064838,50.0,0.0028016810086051,False,False,True
12.0,8,400.0,167,4906,12.5,73,ford country,5.117993812416755,0.0340399510803098,50.0,0.0025479005299633,False,False,True
13.0,8,360.0,170,4654,13.0,73,plymouth custom suburb,5.135798437050262,0.0365277180919639,45.0,0.0027932960893854,False,False,True
12.0,8,350.0,180,4499,12.5,73,oldsmobile vista cruiser,5.19295685089021,0.0400088908646365,43.75,0.002778395198933,False,False,True
18.0,6,232.0,100,2789,15.0,73,amc gremlin,4.605170185988092,0.0358551452133381,38.666666666666664,0.0053782717820007,False,False,True
20.0,4,97.0,88,2279,19.0,73,toyota carina,4.477336814478207,0.038613426941641,24.25,0.0083369899078543,False,True,False
21.0,4,140.0,72,2401,19.5,73,chevrolet vega,4.276666119016055,0.029987505206164,35.0,0.0081216159933361,False,False,True
22.0,4,108.0,94,2379,16.5,73,datsun 610,4.543294782270004,0.0395124001681378,27.0,0.0069356872635561,False,True,False
19.0,4,122.0,85,2310,18.5,73,ford pinto,4.442651256490317,0.0367965367965368,30.5,0.008008658008658,False,False,True
21.0,6,155.0,107,2472,14.0,73,mercury capri v6,4.672828834461906,0.0432847896440129,25.833333333333332,0.0056634304207119,False,False,True
26.0,4,98.0,90,2265,15.5,73,fiat 124 sport coupe,4.499809670330265,0.0397350993377483,24.5,0.0068432671081677,True,False,False
15.0,8,350.0,145,4082,13.0,73,chevrolet monte carlo s,4.976733742420574,0.0355218030377266,43.75,0.0031847133757961,False,False,True
29.0,4,68.0,49,1867,19.5,73,fiat 128,3.8918202981106265,0.0262453133369041,17.0,0.0104445634708087,True,False,False
24.0,4,116.0,75,2158,15.5,73,opel manta,4.31748811353631,0.0347544022242817,29.0,0.0071825764596848,True,False,False
20.0,4,114.0,91,2582,14.0,73,audi 100ls,4.51085950651685,0.0352439969016266,28.5,0.005422153369481,True,False,False
19.0,4,121.0,112,2868,15.5,73,volvo 144ea,4.718498871295094,0.0390516039051603,30.25,0.0054044630404463,True,False,False
15.0,8,318.0,150,3399,11.0,73,dodge dart custom,5.0106352940962555,0.0441306266548985,39.75,0.0032362459546925,False,False,True
24.0,4,121.0,110,2660,14.0,73,saab 99le,4.700480365792417,0.0413533834586466,30.25,0.0052631578947368,True,False,False
20.0,6,156.0,122,2807,13.5,73,toyota mark ii,4.804021044733257,0.0434627716423227,26.0,0.0048094050587816,False,True,False
11.0,8,350.0,180,3664,11.0,73,oldsmobile omega,5.19295685089021,0.0491266375545851,43.75,0.0030021834061135,False,False,True
20.0,6,198.0,95,3102,16.5,74,plymouth duster,4.553876891600541,0.0306254029658284,33.0,0.0053191489361702,False,False,True
19.0,6,232.0,100,2901,16.0,74,amc hornet,4.605170185988092,0.0344708721130644,38.666666666666664,0.0055153395380903,False,False,True
15.0,6,250.0,100,3336,17.0,74,chevrolet nova,4.605170185988092,0.0299760191846522,41.666666666666664,0.0050959232613908,False,False,True
31.0,4,79.0,67,1950,19.0,74,datsun b210,4.204692619390966,0.0343589743589743,19.75,0.0097435897435897,False,True,False
26.0,4,122.0,80,2451,16.5,74,ford pinto,4.382026634673881,0.0326397388820889,30.5,0.0067319461444308,False,False,True
32.0,4,71.0,65,1836,21.0,74,toyota corolla 1200,4.174387269895637,0.0354030501089324,17.75,0.011437908496732,False,True,False
25.0,4,140.0,75,2542,17.0,74,chevrolet vega,4.31748811353631,0.0295043273013375,35.0,0.0066876475216365,False,False,True
16.0,6,250.0,100,3781,17.0,74,chevrolet chevelle malibu classic,4.605170185988092,0.0264480296217931,41.666666666666664,0.0044961650357048,False,False,True
16.0,6,258.0,110,3632,18.0,74,amc matador,4.700480365792417,0.0302863436123348,43.0,0.0049559471365638,False,False,True
18.0,6,225.0,105,3613,16.5,74,plymouth satellite sebring,4.653960350157523,0.0290617215610296,37.5,0.0045668419595903,False,False,True
16.0,8,302.0,140,4141,14.0,74,ford gran torino,4.941642422609304,0.0338082588746679,37.75,0.0033808258874667,False,False,True
13.0,8,350.0,150,4699,14.5,74,buick century luxus (sw),5.0106352940962555,0.0319216854649925,43.75,0.0030857629282826,False,False,True
14.0,8,318.0,150,4457,13.5,74,dodge coronet custom (sw),5.0106352940962555,0.0336549248373345,39.75,0.0030289432353601,False,False,True
14.0,8,302.0,140,4638,16.0,74,ford gran torino (sw),4.941642422609304,0.0301854247520482,37.75,0.0034497628288055,False,False,True
14.0,8,304.0,150,4257,15.5,74,amc matador (sw),5.0106352940962555,0.0352360817477096,38.0,0.0036410617805966,False,False,True
29.0,4,98.0,83,2219,16.5,74,audi fox,4.418840607796598,0.0374042361424064,24.5,0.0074357818837314,True,False,False
26.0,4,79.0,67,1963,15.5,74,volkswagen dasher,4.204692619390966,0.0341314314824248,19.75,0.0078960774325012,True,False,False
26.0,4,97.0,78,2300,14.5,74,opel manta,4.356708826689592,0.0339130434782608,24.25,0.0063043478260869,True,False,False
31.0,4,76.0,52,1649,16.5,74,toyota corona,3.951243718581427,0.031534263189812,19.0,0.0100060642813826,False,True,False
32.0,4,83.0,61,2003,19.0,74,datsun 710,4.110873864173311,0.0304543185222166,20.75,0.0094857713429855,False,True,False
28.0,4,90.0,75,2125,14.5,74,dodge colt,4.31748811353631,0.0352941176470588,22.5,0.0068235294117647,False,False,True
24.0,4,90.0,75,2108,15.5,74,fiat 128,4.31748811353631,0.0355787476280834,22.5,0.0073529411764705,True,False,False
26.0,4,116.0,75,2246,14.0,74,fiat 124 tc,4.31748811353631,0.0333926981300089,29.0,0.0062333036509349,True,False,False
24.0,4,120.0,97,2489,15.0,74,honda civic,4.574710978503383,0.038971474487746,30.0,0.0060265166733627,False,True,False
26.0,4,108.0,93,2391,15.5,74,subaru,4.532599493153256,0.0388958594730238,27.0,0.0064826432455039,False,True,False
31.0,4,79.0,67,2000,16.0,74,fiat x1.9,4.204692619390966,0.0335,19.75,0.008,True,False,False
19.0,6,225.0,95,3264,16.0,75,plymouth valiant custom,4.553876891600541,0.0291053921568627,37.5,0.0049019607843137,False,False,True
18.0,6,250.0,105,3459,16.0,75,chevrolet nova,4.653960350157523,0.0303555941023417,41.666666666666664,0.0046256143394044,False,False,True
15.0,6,250.0,72,3432,21.0,75,mercury monarch,4.276666119016055,0.0209790209790209,41.666666666666664,0.0061188811188811,False,False,True
15.0,6,250.0,72,3158,19.5,75,ford maverick,4.276666119016055,0.0227992400253324,41.666666666666664,0.0061747941735275,False,False,True
16.0,8,400.0,170,4668,11.5,75,pontiac catalina,5.135798437050262,0.0364181662382176,50.0,0.0024635818337617,False,False,True
15.0,8,350.0,145,4440,14.0,75,chevrolet bel air,4.976733742420574,0.0326576576576576,43.75,0.0031531531531531,False,False,True
16.0,8,318.0,150,4498,14.5,75,plymouth grand fury,5.0106352940962555,0.0333481547354379,39.75,0.003223654957759,False,False,True
14.0,8,351.0,148,4657,13.5,75,ford ltd,4.997212273764115,0.0317801159544771,43.875,0.00289886192828,False,False,True
17.0,6,231.0,110,3907,21.0,75,buick century,4.700480365792417,0.0281545943178909,38.5,0.0053749680061428,False,False,True
16.0,6,250.0,105,3897,18.5,75,chevroelt chevelle malibu,4.653960350157523,0.0269438029253271,41.666666666666664,0.0047472414677957,False,False,True
15.0,6,258.0,110,3730,19.0,75,amc matador,4.700480365792417,0.0294906166219839,43.0,0.0050938337801608,False,False,True
18.0,6,225.0,95,3785,19.0,75,plymouth fury,4.553876891600541,0.0250990752972258,37.5,0.0050198150594451,False,False,True
21.0,6,231.0,110,3039,15.0,75,buick skyhawk,4.700480365792417,0.0361961171437973,38.5,0.0049358341559723,False,False,True
20.0,8,262.0,110,3221,13.5,75,chevrolet monza 2+2,4.700480365792417,0.0341508848183793,32.75,0.0041912449549829,False,False,True
13.0,8,302.0,129,3169,12.0,75,ford mustang ii,4.859812404361672,0.0407068475859892,37.75,0.003786683496371,False,False,True
29.0,4,97.0,75,2171,16.0,75,toyota corolla,4.31748811353631,0.0345462920313219,24.25,0.0073698756333486,False,True,False
23.0,4,140.0,83,2639,17.0,75,ford pinto,4.418840607796598,0.0314513073133762,35.0,0.0064418340280409,False,False,True
20.0,6,232.0,100,2914,16.0,75,amc gremlin,4.605170185988092,0.0343170899107755,38.666666666666664,0.005490734385724,False,False,True
23.0,4,140.0,78,2592,18.5,75,pontiac astro,4.356708826689592,0.0300925925925925,35.0,0.0071373456790123,False,False,True
24.0,4,134.0,96,2702,13.5,75,toyota corona,4.564348191467836,0.0355292376017764,33.5,0.0049962990377498,False,True,False
25.0,4,90.0,71,2223,16.5,75,volkswagen dasher,4.2626798770413155,0.0319388214125056,22.5,0.0074224021592442,True,False,False
24.0,4,119.0,97,2545,17.0,75,datsun 710,4.574710978503383,0.0381139489194499,29.75,0.0066797642436149,False,True,False
18.0,6,171.0,97,2984,14.5,75,ford pinto,4.574710978503383,0.0325067024128686,28.5,0.0048592493297587,False,False,True
29.0,4,90.0,70,1937,14.0,75,volkswagen rabbit,4.248495242049359,0.0361383582860092,22.5,0.0072276716572018,True,False,False
19.0,6,232.0,90,3211,17.0,75,amc pacer,4.499809670330265,0.0280286515104328,38.666666666666664,0.0052943008408595,False,False,True
23.0,4,115.0,95,2694,15.0,75,audi 100ls,4.553876891600541,0.0352635486265775,28.75,0.0055679287305122,True,False,False
23.0,4,120.0,88,2957,17.0,75,peugeot 504,4.477336814478207,0.0297598917822117,30.0,0.0057490700033818,True,False,False
22.0,4,121.0,98,2945,14.5,75,volvo 244dl,4.584967478670572,0.033276740237691,30.25,0.0049235993208828,True,False,False
25.0,4,121.0,115,2671,13.5,75,saab 99le,4.74493212836325,0.0430550355672033,30.25,0.005054286783976,True,False,False
33.0,4,91.0,53,1795,17.5,75,honda civic cvcc,3.970291913552122,0.0295264623955431,22.75,0.0097493036211699,False,True,False
28.0,4,107.0,86,2464,15.5,76,fiat 131,4.454347296253507,0.0349025974025974,26.75,0.0062905844155844,True,False,False
25.0,4,116.0,81,2220,16.9,76,opel 1900,4.394449154672439,0.0364864864864864,29.0,0.0076126126126126,True,False,False
25.0,4,140.0,92,2572,14.9,76,capri ii,4.5217885770490405,0.0357698289269051,35.0,0.0057931570762052,False,False,True
26.0,4,98.0,79,2255,17.7,76,dodge colt,4.3694478524670215,0.0350332594235033,24.5,0.0078492239467849,False,False,True
27.0,4,101.0,83,2202,15.3,76,renault 12tl,4.418840607796598,0.0376930063578564,25.25,0.0069482288828337,True,False,False
17.5,8,305.0,140,4215,13.0,76,chevrolet chevelle malibu classic,4.941642422609304,0.033214709371293,38.125,0.0030842230130486,False,False,True
16.0,8,318.0,150,4190,13.0,76,dodge coronet brougham,5.0106352940962555,0.035799522673031,39.75,0.0031026252983293,False,False,True
15.5,8,304.0,120,3962,13.9,76,amc matador,4.787491742782046,0.0302877334679454,38.0,0.0035083291267036,False,False,True
14.5,8,351.0,152,4215,12.8,76,ford gran torino,5.0238805208462765,0.0360616844602609,43.875,0.0030367734282325,False,False,True
22.0,6,225.0,100,3233,15.4,76,plymouth valiant,4.605170185988092,0.0309310238168883,37.5,0.0047633776678008,False,False,True
22.0,6,250.0,105,3353,14.5,76,chevrolet nova,4.653960350157523,0.0313152400835073,41.666666666666664,0.0043244855353414,False,False,True
24.0,6,200.0,81,3012,17.6,76,ford maverick,4.394449154672439,0.0268924302788844,33.333333333333336,0.0058432934926958,False,False,True
22.5,6,232.0,90,3085,17.6,76,amc hornet,4.499809670330265,0.0291734197730956,38.666666666666664,0.0057050243111831,False,False,True
29.0,4,90.0,70,1937,14.2,76,vw rabbit,4.248495242049359,0.0361383582860092,22.5,0.0073309241094475,True,False,False
33.0,4,91.0,53,1795,17.4,76,honda civic,3.970291913552122,0.0295264623955431,22.75,0.0096935933147632,False,True,False
20.0,6,225.0,100,3651,17.7,76,dodge aspen se,4.605170185988092,0.0273897562311695,37.5,0.004847986852917,False,False,True
18.0,6,250.0,78,3574,21.0,76,ford granada ghia,4.356708826689592,0.0218242865137101,41.666666666666664,0.0058757694459988,False,False,True
18.5,6,250.0,110,3645,16.2,76,pontiac ventura sj,4.700480365792417,0.0301783264746227,41.666666666666664,0.0044444444444444,False,False,True
17.5,6,258.0,95,3193,17.8,76,amc pacer d/l,4.553876891600541,0.0297525837770122,43.0,0.0055746946445349,False,False,True
29.5,4,97.0,71,1825,12.2,76,volkswagen rabbit,4.2626798770413155,0.038904109589041,24.25,0.0066849315068493,True,False,False
32.0,4,85.0,70,1990,17.0,76,datsun b-210,4.248495242049359,0.0351758793969849,21.25,0.0085427135678391,False,True,False
28.0,4,97.0,75,2155,16.4,76,toyota corolla,4.31748811353631,0.0348027842227378,24.25,0.0076102088167053,False,True,False
26.5,4,140.0,72,2565,13.6,76,ford pinto,4.276666119016055,0.0280701754385964,35.0,0.0053021442495126,False,False,True
20.0,4,130.0,102,3150,15.7,76,volvo 245,4.624972813284271,0.0323809523809523,32.5,0.0049841269841269,True,False,False
13.0,8,318.0,150,3940,13.2,76,plymouth volare premier v8,5.0106352940962555,0.0380710659898477,39.75,0.0033502538071065,False,False,True
19.0,4,120.0,88,3270,21.9,76,peugeot 504,4.477336814478207,0.0269113149847094,30.0,0.006697247706422,True,False,False
19.0,6,156.0,108,2930,15.5,76,toyota mark ii,4.68213122712422,0.0368600682593856,26.0,0.0052901023890784,False,True,False
16.5,6,168.0,120,3820,16.7,76,mercedes-benz 280s,4.787491742782046,0.031413612565445,28.0,0.004371727748691,True,False,False
16.5,8,350.0,180,4380,12.1,76,cadillac seville,5.19295685089021,0.0410958904109589,43.75,0.0027625570776255,False,False,True
13.0,8,350.0,145,4055,12.0,76,chevy c10,4.976733742420574,0.0357583230579531,43.75,0.0029593094944512,False,False,True
13.0,8,302.0,130,3870,15.0,76,ford f108,4.867534450455582,0.0335917312661498,37.75,0.003875968992248,False,False,True
13.0,8,318.0,150,3755,14.0,76,dodge d100,5.0106352940962555,0.0399467376830892,39.75,0.0037283621837549,False,False,True
31.5,4,98.0,68,2045,18.5,77,honda accord cvcc,4.219507705176107,0.0332518337408312,24.5,0.0090464547677261,False,True,False
30.0,4,111.0,80,2155,14.8,77,buick opel isuzu deluxe,4.382026634673881,0.037122969837587,27.75,0.0068677494199535,False,False,True
36.0,4,79.0,58,1825,18.6,77,renault 5 gtl,4.060443010546419,0.0317808219178082,19.75,0.0101917808219178,True,False,False
25.5,4,122.0,96,2300,15.5,77,plymouth arrow gs,4.564348191467836,0.0417391304347826,30.5,0.0067391304347826,False,False,True
33.5,4,85.0,70,1945,16.8,77,datsun f-10 hatchback,4.248495242049359,0.0359897172236503,21.25,0.008637532133676,False,True,False
17.5,8,305.0,145,3880,12.5,77,chevrolet caprice classic,4.976733742420574,0.0373711340206185,38.125,0.003221649484536,False,False,True
17.0,8,260.0,110,4060,19.0,77,oldsmobile cutlass supreme,4.700480365792417,0.0270935960591133,32.5,0.004679802955665,False,False,True
15.5,8,318.0,145,4140,13.7,77,dodge monaco brougham,4.976733742420574,0.0350241545893719,39.75,0.0033091787439613,False,False,True
15.0,8,302.0,130,4295,14.9,77,mercury cougar brougham,4.867534450455582,0.0302677532013969,37.75,0.0034691501746216,False,False,True
17.5,6,250.0,110,3520,16.4,77,chevrolet concours,4.700480365792417,0.03125,41.666666666666664,0.0046590909090909,False,False,True
20.5,6,231.0,105,3425,16.9,77,buick skylark,4.653960350157523,0.0306569343065693,38.5,0.004934306569343,False,False,True
19.0,6,225.0,100,3630,17.7,77,plymouth volare custom,4.605170185988092,0.0275482093663911,37.5,0.0048760330578512,False,False,True
18.5,6,250.0,98,3525,19.0,77,ford granada,4.584967478670572,0.0278014184397163,41.666666666666664,0.0053900709219858,False,False,True
16.0,8,400.0,180,4220,11.1,77,pontiac grand prix lj,5.19295685089021,0.0426540284360189,50.0,0.0026303317535545,False,False,True
15.5,8,350.0,170,4165,11.4,77,chevrolet monte carlo landau,5.135798437050262,0.0408163265306122,43.75,0.0027370948379351,False,False,True
15.5,8,400.0,190,4325,12.2,77,chrysler cordoba,5.247024072160486,0.0439306358381502,50.0,0.0028208092485549,False,False,True
16.0,8,351.0,149,4335,14.5,77,ford thunderbird,5.003946305945459,0.0343713956170703,43.875,0.0033448673587081,False,False,True
29.0,4,97.0,78,1940,14.5,77,volkswagen rabbit custom,4.356708826689592,0.0402061855670103,24.25,0.0074742268041237,True,False,False
24.5,4,151.0,88,2740,16.0,77,pontiac sunbird coupe,4.477336814478207,0.0321167883211678,37.75,0.0058394160583941,False,False,True
26.0,4,97.0,75,2265,18.2,77,toyota corolla liftback,4.31748811353631,0.0331125827814569,24.25,0.0080353200883002,False,True,False
25.5,4,140.0,89,2755,15.8,77,ford mustang ii 2+2,4.48863636973214,0.0323049001814882,35.0,0.0057350272232304,False,False,True
30.5,4,98.0,63,2051,17.0,77,chevrolet chevette,4.143134726391533,0.030716723549488,24.5,0.008288639687957,False,False,True
33.5,4,98.0,83,2075,15.9,77,dodge colt m/m,4.418840607796598,0.04,24.5,0.0076626506024096,False,False,True
30.0,4,97.0,67,1985,16.4,77,subaru dl,4.204692619390966,0.0337531486146095,24.25,0.0082619647355163,False,True,False
30.5,4,97.0,78,2190,14.1,77,volkswagen dasher,4.356708826689592,0.0356164383561643,24.25,0.0064383561643835,True,False,False
22.0,6,146.0,97,2815,14.5,77,datsun 810,4.574710978503383,0.0344582593250444,24.333333333333332,0.0051509769094138,False,True,False
21.5,4,121.0,110,2600,12.8,77,bmw 320i,4.700480365792417,0.0423076923076923,30.25,0.0049230769230769,True,False,False
43.1,4,90.0,48,1985,21.5,78,volkswagen rabbit custom diesel,3.871201010907891,0.0241813602015113,22.5,0.0108312342569269,True,False,False
36.1,4,98.0,66,1800,14.4,78,ford fiesta,4.189654742026425,0.0366666666666666,24.5,0.008,False,False,True
32.8,4,78.0,52,1985,19.4,78,mazda glc deluxe,3.951243718581427,0.0261964735516372,19.5,0.0097732997481108,False,True,False
39.4,4,85.0,70,2070,18.6,78,datsun b210 gx,4.248495242049359,0.0338164251207729,21.25,0.0089855072463768,False,True,False
36.1,4,91.0,60,1800,16.4,78,honda civic cvcc,4.0943445622221,0.0333333333333333,22.75,0.0091111111111111,False,True,False
19.9,8,260.0,110,3365,15.5,78,oldsmobile cutlass salon brougham,4.700480365792417,0.0326894502228826,32.5,0.0046062407132243,False,False,True
19.4,8,318.0,140,3735,13.2,78,dodge diplomat,4.941642422609304,0.037483266398929,39.75,0.0035341365461847,False,False,True
20.2,8,302.0,139,3570,12.8,78,mercury monarch ghia,4.9344739331306915,0.0389355742296918,37.75,0.0035854341736694,False,False,True
19.2,6,231.0,105,3535,19.2,78,pontiac phoenix lj,4.653960350157523,0.0297029702970297,38.5,0.0054314002828854,False,False,True
20.5,6,200.0,95,3155,18.2,78,chevrolet malibu,4.553876891600541,0.0301109350237717,33.333333333333336,0.0057686212361331,False,False,True
20.2,6,200.0,85,2965,15.8,78,ford fairmont (auto),4.442651256490317,0.0286677908937605,33.333333333333336,0.0053288364249578,False,False,True
25.1,4,140.0,88,2720,15.4,78,ford fairmont (man),4.477336814478207,0.0323529411764705,35.0,0.0056617647058823,False,False,True
20.5,6,225.0,100,3430,17.2,78,plymouth volare,4.605170185988092,0.0291545189504373,37.5,0.0050145772594752,False,False,True
19.4,6,232.0,90,3210,17.2,78,amc concord,4.499809670330265,0.02803738317757,38.666666666666664,0.0053582554517133,False,False,True
20.6,6,231.0,105,3380,15.8,78,buick century special,4.653960350157523,0.0310650887573964,38.5,0.0046745562130177,False,False,True
20.8,6,200.0,85,3070,16.7,78,mercury zephyr,4.442651256490317,0.0276872964169381,33.333333333333336,0.0054397394136807,False,False,True
18.6,6,225.0,110,3620,18.7,78,dodge aspen,4.700480365792417,0.0303867403314917,37.5,0.0051657458563535,False,False,True
18.1,6,258.0,120,3410,15.1,78,amc concord d/l,4.787491742782046,0.0351906158357771,43.0,0.0044281524926686,False,False,True
19.2,8,305.0,145,3425,13.2,78,chevrolet monte carlo landau,4.976733742420574,0.0423357664233576,38.125,0.0038540145985401,False,False,True
17.7,6,231.0,165,3445,13.4,78,buick regal sport coupe (turbo),5.10594547390058,0.0478955007256894,38.5,0.0038896952104499,False,False,True
18.1,8,302.0,139,3205,11.2,78,ford futura,4.9344739331306915,0.0433697347893915,37.75,0.0034945397815912,False,False,True
17.5,8,318.0,140,4080,13.7,78,dodge magnum xe,4.941642422609304,0.034313725490196,39.75,0.0033578431372549,False,False,True
30.0,4,98.0,68,2155,16.5,78,chevrolet chevette,4.219507705176107,0.0315545243619489,24.5,0.0076566125290023,False,False,True
27.5,4,134.0,95,2560,14.2,78,toyota corona,4.553876891600541,0.037109375,33.5,0.005546875,False,True,False
27.2,4,119.0,97,2300,14.7,78,datsun 510,4.574710978503383,0.0421739130434782,29.75,0.006391304347826,False,True,False
30.9,4,105.0,75,2230,14.5,78,dodge omni,4.31748811353631,0.0336322869955156,26.25,0.0065022421524663,False,False,True
21.1,4,134.0,95,2515,14.8,78,toyota celica gt liftback,4.553876891600541,0.0377733598409542,33.5,0.0058846918489065,False,True,False
23.2,4,156.0,105,2745,16.7,78,plymouth sapporo,4.653960350157523,0.0382513661202185,39.0,0.0060837887067395,False,False,True
23.8,4,151.0,85,2855,17.6,78,oldsmobile starfire sx,4.442651256490317,0.0297723292469352,37.75,0.0061646234676007,False,False,True
23.9,4,119.0,97,2405,14.9,78,datsun 200-sx,4.574710978503383,0.0403326403326403,29.75,0.0061954261954261,False,True,False
20.3,5,131.0,103,2830,15.9,78,audi 5000,4.634728988229636,0.0363957597173144,26.2,0.0056183745583038,True,False,False
17.0,6,163.0,125,3140,13.6,78,volvo 264gl,4.8283137373023015,0.0398089171974522,27.166666666666668,0.0043312101910828,True,False,False
21.6,4,121.0,115,2795,15.7,78,saab 99gle,4.74493212836325,0.0411449016100178,30.25,0.0056171735241502,True,False,False
16.2,6,163.0,133,3410,15.8,78,peugeot 604sl,4.890349128221754,0.0390029325513196,27.166666666666668,0.0046334310850439,True,False,False
31.5,4,89.0,71,1990,14.9,78,volkswagen scirocco,4.2626798770413155,0.0356783919597989,22.25,0.0074874371859296,True,False,False
29.5,4,98.0,68,2135,16.6,78,honda accord lx,4.219507705176107,0.0318501170960187,24.5,0.0077751756440281,False,True,False
21.5,6,231.0,115,3245,15.4,79,pontiac lemans v6,4.74493212836325,0.0354391371340523,38.5,0.0047457627118644,False,False,True
19.8,6,200.0,85,2990,18.2,79,mercury zephyr 6,4.442651256490317,0.0284280936454849,33.333333333333336,0.0060869565217391,False,False,True
22.3,4,140.0,88,2890,17.3,79,ford fairmont 4,4.477336814478207,0.0304498269896193,35.0,0.0059861591695501,False,False,True
20.2,6,232.0,90,3265,18.2,79,amc concord dl 6,4.499809670330265,0.0275650842266462,38.666666666666664,0.0055742725880551,False,False,True
20.6,6,225.0,110,3360,16.6,79,dodge aspen 6,4.700480365792417,0.0327380952380952,37.5,0.0049404761904761,False,False,True
17.0,8,305.0,130,3840,15.4,79,chevrolet caprice classic,4.867534450455582,0.0338541666666666,38.125,0.0040104166666666,False,False,True
17.6,8,302.0,129,3725,13.4,79,ford ltd landau,4.859812404361672,0.0346308724832214,37.75,0.0035973154362416,False,False,True
16.5,8,351.0,138,3955,13.2,79,mercury grand marquis,4.927253685157205,0.0348925410872313,43.875,0.0033375474083438,False,False,True
18.2,8,318.0,135,3830,15.2,79,dodge st. regis,4.90527477843843,0.0352480417754569,39.75,0.0039686684073107,False,False,True
16.9,8,350.0,155,4360,14.9,79,buick estate wagon (sw),5.043425116919247,0.0355504587155963,43.75,0.0034174311926605,False,False,True
15.5,8,351.0,142,4054,14.3,79,ford country squire (sw),4.955827057601261,0.0350271336951159,43.875,0.0035273803650715,False,False,True
19.2,8,267.0,125,3605,15.0,79,chevrolet malibu classic (sw),4.8283137373023015,0.0346740638002773,33.375,0.0041608876560332,False,False,True
18.5,8,360.0,150,3940,13.0,79,chrysler lebaron town @ country (sw),5.0106352940962555,0.0380710659898477,45.0,0.0032994923857868,False,False,True
31.9,4,89.0,71,1925,14.0,79,vw rabbit custom,4.2626798770413155,0.0368831168831168,22.25,0.0072727272727272,True,False,False
34.1,4,86.0,65,1975,15.2,79,maxda glc deluxe,4.174387269895637,0.0329113924050632,21.5,0.0076962025316455,False,True,False
35.7,4,98.0,80,1915,14.4,79,dodge colt hatchback custom,4.382026634673881,0.04177545691906,24.5,0.0075195822454308,False,False,True
27.4,4,121.0,80,2670,15.0,79,amc spirit dl,4.382026634673881,0.0299625468164794,30.25,0.0056179775280898,False,False,True
25.4,5,183.0,77,3530,20.1,79,mercedes benz 300d,4.343805421853684,0.021813031161473,36.6,0.0056940509915014,True,False,False
23.0,8,350.0,125,3900,17.4,79,cadillac eldorado,4.8283137373023015,0.032051282051282,43.75,0.0044615384615384,False,False,True
34.2,4,105.0,70,2200,13.2,79,plymouth horizon,4.248495242049359,0.0318181818181818,26.25,0.0059999999999999,False,False,True
34.5,4,105.0,70,2150,14.9,79,plymouth horizon tc3,4.248495242049359,0.0325581395348837,26.25,0.0069302325581395,False,False,True
31.8,4,85.0,65,2020,19.2,79,datsun 210,4.174387269895637,0.0321782178217821,21.25,0.0095049504950495,False,True,False
37.3,4,91.0,69,2130,14.7,79,fiat strada custom,4.23410650459726,0.0323943661971831,22.75,0.0069014084507042,True,False,False
28.4,4,151.0,90,2670,16.0,79,buick skylark limited,4.499809670330265,0.0337078651685393,37.75,0.0059925093632958,False,False,True
28.8,6,173.0,115,2595,11.3,79,chevrolet citation,4.74493212836325,0.0443159922928709,28.833333333333332,0.0043545279383429,False,False,True
26.8,6,173.0,115,2700,12.9,79,oldsmobile omega brougham,4.74493212836325,0.0425925925925925,28.833333333333332,0.0047777777777777,False,False,True
33.5,4,151.0,90,2556,13.2,79,pontiac phoenix,4.499809670330265,0.0352112676056338,37.75,0.0051643192488262,False,False,True
41.5,4,98.0,76,2144,14.7,80,vw rabbit,4.330733340286331,0.0354477611940298,24.5,0.006856343283582,True,False,False
38.1,4,89.0,60,1968,18.8,80,toyota corolla tercel,4.0943445622221,0.0304878048780487,22.25,0.0095528455284552,False,True,False
32.1,4,98.0,70,2120,15.5,80,chevrolet chevette,4.248495242049359,0.0330188679245283,24.5,0.0073113207547169,False,False,True
37.2,4,86.0,65,2019,16.4,80,datsun 310,4.174387269895637,0.0321941555225359,21.5,0.0081228330856859,False,True,False
28.0,4,151.0,90,2678,16.5,80,chevrolet citation,4.499809670330265,0.0336071695294996,37.75,0.0061613144137415,False,False,True
26.4,4,140.0,88,2870,18.1,80,ford fairmont,4.477336814478207,0.0306620209059233,35.0,0.0063066202090592,False,False,True
24.3,4,151.0,90,3003,20.1,80,amc concord,4.499809670330265,0.0299700299700299,37.75,0.0066933066933066,False,False,True
19.1,6,225.0,90,3381,18.7,80,dodge aspen,4.499809670330265,0.0266193433895297,37.5,0.00553090801538,False,False,True
34.3,4,97.0,78,2188,15.8,80,audi 4000,4.356708826689592,0.0356489945155393,24.25,0.0072212065813528,True,False,False
29.8,4,134.0,90,2711,15.5,80,toyota corona liftback,4.499809670330265,0.0331980818886019,33.5,0.0057174474363703,False,True,False
31.3,4,120.0,75,2542,17.5,80,mazda 626,4.31748811353631,0.0295043273013375,30.0,0.0068843430369787,False,True,False
37.0,4,119.0,92,2434,15.0,80,datsun 510 hatchback,4.5217885770490405,0.0377978635990139,29.75,0.0061626951520131,False,True,False
32.2,4,108.0,75,2265,15.2,80,toyota corolla,4.31748811353631,0.0331125827814569,27.0,0.0067108167770419,False,True,False
46.6,4,86.0,65,2110,17.9,80,mazda glc,4.174387269895637,0.0308056872037914,21.5,0.0084834123222748,False,True,False
27.9,4,156.0,105,2800,14.4,80,dodge colt,4.653960350157523,0.0375,39.0,0.0051428571428571,False,False,True
40.8,4,85.0,65,2110,19.2,80,datsun 210,4.174387269895637,0.0308056872037914,21.25,0.0090995260663507,False,True,False
44.3,4,90.0,48,2085,21.7,80,vw rabbit c (diesel),3.871201010907891,0.0230215827338129,22.5,0.0104076738609112,True,False,False
36.4,5,121.0,67,2950,19.9,80,audi 5000s (diesel),4.204692619390966,0.0227118644067796,24.2,0.0067457627118644,True,False,False
30.0,4,146.0,67,3250,21.8,80,mercedes-benz 240d,4.204692619390966,0.0206153846153846,36.5,0.0067076923076923,True,False,False
44.6,4,91.0,67,1850,13.8,80,honda civic 1500 gl,4.204692619390966,0.0362162162162162,22.75,0.0074594594594594,False,True,False
33.8,4,97.0,67,2145,18.0,80,subaru dl,4.204692619390966,0.0312354312354312,24.25,0.0083916083916083,False,True,False
29.8,4,89.0,62,1845,15.3,80,vokswagen rabbit,4.127134385045092,0.0336043360433604,22.25,0.0082926829268292,True,False,False
32.7,6,168.0,132,2910,11.4,80,datsun 280-zx,4.882801922586371,0.045360824742268,28.0,0.0039175257731958,False,True,False
35.0,4,122.0,88,2500,15.1,80,triumph tr7 coupe,4.477336814478207,0.0352,30.5,0.00604,True,False,False
32.4,4,107.0,72,2290,17.0,80,honda accord,4.276666119016055,0.0314410480349345,26.75,0.0074235807860262,False,True,False
27.2,4,135.0,84,2490,15.7,81,plymouth reliant,4.430816798843313,0.0337349397590361,33.75,0.0063052208835341,False,False,True
26.6,4,151.0,84,2635,16.4,81,buick skylark,4.430816798843313,0.0318785578747628,37.75,0.006223908918406,False,False,True
25.8,4,156.0,92,2620,14.4,81,dodge aries wagon (sw),4.5217885770490405,0.0351145038167938,39.0,0.0054961832061068,False,False,True
23.5,6,173.0,110,2725,12.6,81,chevrolet citation,4.700480365792417,0.0403669724770642,28.833333333333332,0.0046238532110091,False,False,True
30.0,4,135.0,84,2385,12.9,81,plymouth reliant,4.430816798843313,0.0352201257861635,33.75,0.0054088050314465,False,False,True
39.1,4,79.0,58,1755,16.9,81,toyota starlet,4.060443010546419,0.033048433048433,19.75,0.0096296296296296,False,True,False
39.0,4,86.0,64,1875,16.4,81,plymouth champ,4.1588830833596715,0.0341333333333333,21.5,0.0087466666666666,False,False,True
35.1,4,81.0,60,1760,16.1,81,honda civic 1300,4.0943445622221,0.034090909090909,20.25,0.0091477272727272,False,True,False
32.3,4,97.0,67,2065,17.8,81,subaru,4.204692619390966,0.0324455205811138,24.25,0.0086198547215496,False,True,False
37.0,4,85.0,65,1975,19.4,81,datsun 210 mpg,4.174387269895637,0.0329113924050632,21.25,0.0098227848101265,False,True,False
37.7,4,89.0,62,2050,17.3,81,toyota tercel,4.127134385045092,0.0302439024390243,22.25,0.0084390243902439,False,True,False
34.1,4,91.0,68,1985,16.0,81,mazda glc 4,4.219507705176107,0.034256926952141,22.75,0.0080604534005037,False,True,False
34.7,4,105.0,63,2215,14.9,81,plymouth horizon 4,4.143134726391533,0.0284424379232505,26.25,0.006726862302483,False,False,True
34.4,4,98.0,65,2045,16.2,81,ford escort 4w,4.174387269895637,0.0317848410757946,24.5,0.007921760391198,False,False,True
29.9,4,98.0,65,2380,20.7,81,ford escort 2h,4.174387269895637,0.0273109243697479,24.5,0.0086974789915966,False,False,True
33.0,4,105.0,74,2190,14.2,81,volkswagen jetta,4.30406509320417,0.0337899543378995,26.25,0.0064840182648401,True,False,False
33.7,4,107.0,75,2210,14.4,81,honda prelude,4.31748811353631,0.0339366515837104,26.75,0.0065158371040723,False,True,False
32.4,4,108.0,75,2350,16.8,81,toyota corolla,4.31748811353631,0.0319148936170212,27.0,0.0071489361702127,False,True,False
32.9,4,119.0,100,2615,14.8,81,datsun 200sx,4.605170185988092,0.0382409177820267,29.75,0.0056596558317399,False,True,False
31.6,4,120.0,74,2635,18.3,81,mazda 626,4.30406509320417,0.0280834914611005,30.0,0.0069449715370018,False,True,False
28.1,4,141.0,80,3230,20.4,81,peugeot 505s turbo diesel,4.382026634673881,0.0247678018575851,35.25,0.0063157894736842,True,False,False
30.7,6,145.0,76,3160,19.6,81,volvo diesel,4.330733340286331,0.0240506329113924,24.166666666666668,0.0062025316455696,True,False,False
25.4,6,168.0,116,2900,12.6,81,toyota cressida,4.7535901911063645,0.04,28.0,0.0043448275862068,False,True,False
24.2,6,146.0,120,2930,13.8,81,datsun 810 maxima,4.787491742782046,0.0409556313993174,24.333333333333332,0.0047098976109215,False,True,False
22.4,6,231.0,110,3415,15.8,81,buick century,4.700480365792417,0.0322108345534407,38.5,0.0046266471449487,False,False,True
26.6,8,350.0,105,3725,19.0,81,oldsmobile cutlass ls,4.653960350157523,0.0281879194630872,43.75,0.0051006711409395,False,False,True
20.2,6,200.0,88,3060,17.1,81,ford granada gl,4.477336814478207,0.0287581699346405,33.333333333333336,0.0055882352941176,False,False,True
17.6,6,225.0,85,3465,16.6,81,chrysler lebaron salon,4.442651256490317,0.0245310245310245,37.5,0.0047907647907647,False,False,True
28.0,4,112.0,88,2605,19.6,82,chevrolet cavalier,4.477336814478207,0.0337811900191938,28.0,0.0075239923224568,False,False,True
27.0,4,112.0,88,2640,18.6,82,chevrolet cavalier wagon,4.477336814478207,0.0333333333333333,28.0,0.0070454545454545,False,False,True
34.0,4,112.0,88,2395,18.0,82,chevrolet cavalier 2-door,4.477336814478207,0.0367432150313152,28.0,0.0075156576200417,False,False,True
31.0,4,112.0,85,2575,16.2,82,pontiac j2000 se hatchback,4.442651256490317,0.033009708737864,28.0,0.0062912621359223,False,False,True
29.0,4,135.0,84,2525,16.0,82,dodge aries se,4.430816798843313,0.0332673267326732,33.75,0.0063366336633663,False,False,True
27.0,4,151.0,90,2735,18.0,82,pontiac phoenix,4.499809670330265,0.0329067641681901,37.75,0.006581352833638,False,False,True
24.0,4,140.0,92,2865,16.4,82,ford fairmont futura,4.5217885770490405,0.0321116928446771,35.0,0.0057242582897033,False,False,True
36.0,4,105.0,74,1980,15.3,82,volkswagen rabbit l,4.30406509320417,0.0373737373737373,26.25,0.0077272727272727,True,False,False
37.0,4,91.0,68,2025,18.2,82,mazda glc custom l,4.219507705176107,0.0335802469135802,22.75,0.0089876543209876,False,True,False
31.0,4,91.0,68,1970,17.6,82,mazda glc custom,4.219507705176107,0.0345177664974619,22.75,0.0089340101522842,False,True,False
38.0,4,105.0,63,2125,14.7,82,plymouth horizon miser,4.143134726391533,0.0296470588235294,26.25,0.0069176470588235,False,False,True
36.0,4,98.0,70,2125,17.3,82,mercury lynx l,4.248495242049359,0.0329411764705882,24.5,0.0081411764705882,False,False,True
36.0,4,120.0,88,2160,14.5,82,nissan stanza xe,4.477336814478207,0.0407407407407407,30.0,0.0067129629629629,False,True,False
36.0,4,107.0,75,2205,14.5,82,honda accord,4.31748811353631,0.0340136054421768,26.75,0.0065759637188208,False,True,False
34.0,4,108.0,70,2245,16.9,82,toyota corolla,4.248495242049359,0.0311804008908685,27.0,0.0075278396436525,False,True,False
38.0,4,91.0,67,1965,15.0,82,honda civic,4.204692619390966,0.0340966921119592,22.75,0.0076335877862595,False,True,False
32.0,4,91.0,67,1965,15.7,82,honda civic (auto),4.204692619390966,0.0340966921119592,22.75,0.0079898218829516,False,True,False
38.0,4,91.0,67,1995,16.2,82,datsun 310 gx,4.204692619390966,0.0335839598997493,22.75,0.0081203007518797,False,True,False
25.0,6,181.0,110,2945,16.4,82,buick century limited,4.700480365792417,0.0373514431239388,30.166666666666668,0.0055687606112054,False,False,True
38.0,6,262.0,85,3015,17.0,82,oldsmobile cutlass ciera (diesel),4.442651256490317,0.0281923714759535,43.666666666666664,0.0056384742951907,False,False,True
26.0,4,156.0,92,2585,14.5,82,chrysler lebaron medallion,4.5217885770490405,0.0355899419729206,39.0,0.0056092843326885,False,False,True
22.0,6,232.0,112,2835,14.7,82,ford granada l,4.718498871295094,0.0395061728395061,38.666666666666664,0.0051851851851851,False,False,True
32.0,4,144.0,96,2665,13.9,82,toyota celica gt,4.564348191467836,0.0360225140712945,36.0,0.0052157598499061,False,True,False
36.0,4,135.0,84,2370,13.0,82,dodge charger 2.2,4.430816798843313,0.0354430379746835,33.75,0.0054852320675105,False,False,True
27.0,4,151.0,90,2950,17.3,82,chevrolet camaro,4.499809670330265,0.0305084745762711,37.75,0.005864406779661,False,False,True
27.0,4,140.0,86,2790,15.6,82,ford mustang gl,4.454347296253507,0.0308243727598566,35.0,0.0055913978494623,False,False,True
32.0,4,135.0,84,2295,11.6,82,dodge rampage,4.430816798843313,0.0366013071895424,33.75,0.0050544662309368,False,False,True
28.0,4,120.0,79,2625,18.6,82,ford ranger,4.3694478524670215,0.030095238095238,30.0,0.0070857142857142,False,False,True
31.0,4,119.0,82,2720,19.4,82,chevy s-10,4.406719247264253,0.0301470588235294,29.75,0.0071323529411764,False,False,True
